,abv,ibu,name
0,0.05,,Pub Beer
1,0.066,,Devil's Cup
2,0.071,,Rise of the Phoenix
3,0.09,,Sinister
4,0.075,,Sex and Candy
5,0.077,,Black Exodus
6,0.045,,Lake Street Express
7,0.065,,Foreman
8,0.055,,Jade
9,0.086,,Cone Crusher
10,0.072,,Sophomoric Saison
11,0.073,,Regional Ring Of Fire
12,0.069,,Garce Selé
13,0.085,,Troll Destroyer
14,0.061,60.0,Bitter Bitch
15,0.06,,Ginja Ninja
16,0.06,,Cherried Away
17,0.06,,Rhubarbarian
18,0.06,,BrightCider
19,0.082,,He Said Baltic-Style Porter
20,0.082,,He Said Belgian-Style Tripel
21,0.099,92.0,Lower De Boom
22,0.079,45.0,Fireside Chat
23,0.079,,Marooned On Hog Island
24,0.044,42.0,Bitter American
25,0.049,17.0,Hell or High Watermelon Wheat (2009)
26,0.049,17.0,Hell or High Watermelon Wheat (2009)
27,0.049,17.0,21st Amendment Watermelon Wheat Beer (2006)
28,0.07,70.0,21st Amendment IPA (2006)
29,0.07,70.0,Brew Free! or Die IPA (2008)
30,0.07,70.0,Brew Free! or Die IPA (2009)
31,0.085,52.0,Special Edition: Allies Win The War!
32,0.097,94.0,Hop Crisis
33,0.044,42.0,Bitter American (2011)
34,0.079,45.0,Fireside Chat (2010)
35,0.068,65.0,Back in Black
36,0.083,35.0,Monk's Blood
37,0.07,65.0,Brew Free! or Die IPA
38,0.049,17.0,Hell or High Watermelon Wheat
39,0.07,82.0,Bimini Twist
40,0.05,,Beach Blonde
41,0.059,,Rod Bender Red
42,0.035,11.0,Passion Fruit Prussia
43,0.045,18.0,Send Help
44,0.055,,Cast Iron Oatmeal Brown
45,0.06,,Reprise Centennial Red
46,0.055,,Alter Ego
47,0.065,,Divided Sky
48,0.065,,Resurrected
49,0.05,28.0,Contact High
50,0.065,,Galaxyfest
51,0.05,45.0,Citrafest
52,0.09,,Barn Yeti
53,0.069,65.0,Scarecrow
54,0.09,50.0,Ironman
55,0.046,15.0,Honey Kolsch
56,0.052,18.0,Copperhead Amber
57,0.059,75.0,Rude Parrot IPA
58,0.054,30.0,British Pale Ale (2010)
59,0.054,30.0,British Pale Ale
60,0.084,82.0,Ballz Deep Double IPA
61,0.038,,Wolfman's Berliner
62,0.055,26.0,Colorado Native
63,0.055,26.0,Colorado Native (2011)
64,0.065,52.0,Jockamo IPA
65,0.042,13.0,Purple Haze
66,0.045,17.0,Abita Amber
67,0.082,68.0,Citra Ass Down
68,0.05,20.0,The Brown Note
69,0.08,68.0,Citra Ass Down
70,0.125,80.0,London Balling
71,0.077,25.0,35 K
72,0.042,42.0,A Beer
73,0.05,25.0,Rules are Rules
74,0.066,21.0,Flesh Gourd'n
75,0.04,13.0,Sho'nuff
76,0.055,17.0,Bloody Show
77,0.076,68.0,Rico Sauvin
78,0.051,38.0,Coq de la Marche
79,0.065,,Kamen Knuddeln
80,0.06,65.0,Pile of Face
81,0.05,20.0,The Brown Note
82,0.053,35.0,Maylani's Coconut Stout
83,0.05,35.0,Oatmeal PSA
84,0.052,33.0,Pre Flight Pilsner
85,0.04,20.0,P-Town Pilsner
86,0.053,36.0,Klickitat Pale Ale
87,0.082,103.0,Yellow Wolf Imperial IPA
88,0.053,40.0,Freeride APA
89,0.053,18.0,Alaskan Amber
90,0.057,,Hopalicious
91,0.043,,Kentucky Kölsch
92,0.065,,Kentucky IPA
93,0.054,,Dusty Trail Pale Ale
94,0.062,,Damnesia
95,0.062,43.0,Desolation IPA
96,0.059,,Liberty Ale
97,0.065,,IPA
98,0.045,,Summer Wheat
99,0.049,,California Lager
100,0.056,,Brotherhood Steam
101,0.042,,Blood Orange Gose
102,0.042,,Keebarlin' Pale Ale
103,0.048,,"the Kimmie, the Yink and the Holy Gose"
104,0.06,,Fall Hornin'
105,0.057,13.0,Barney Flats Oatmeal Stout
106,0.056,4.0,Summer Solstice
107,0.07,80.0,Hop Ottin' IPA
108,0.058,15.0,Boont Amber Ale
109,0.057,13.0,Barney Flats Oatmeal Stout
110,0.055,25.0,El Steinber Dark Lager
111,0.058,15.0,Boont Amber Ale (2010)
112,0.056,4.0,Summer Solstice Cerveza Crema (2009)
113,0.057,13.0,Barney Flats Oatmeal Stout (2012)
114,0.069,6.0,Winter Solstice
115,0.07,80.0,Hop Ottin' IPA (2011)
116,0.058,15.0,Boont Amber Ale (2011)
117,0.056,4.0,Summer Solstice (2011)
118,0.055,28.0,Poleeko Gold Pale Ale (2009)
119,0.06,,Charlie's Rye IPA
120,0.054,,River Pig Pale Ale
121,0.047,,Oaky's Oatmeal Stout
122,0.05,,Angry Orchard Apple Ginger
123,0.05,,Angry Orchard Crisp Apple
124,0.05,,Angry Orchard Crisp Apple
125,0.068,,Golden One
126,0.06,,Arjuna
127,0.085,,Uroboros
128,0.071,75.0,Long Leaf
129,0.047,19.0,Honey Badger Blonde
130,0.06,23.0,Porter (a/k/a Black Gold Porter)
131,0.06,55.0,Sky High Rye
132,0.062,17.0,Whitsun
133,0.052,,On-On Ale (2008)
134,0.092,50.0,Quakertown Stout
135,0.051,20.0,Greenbelt Farmhouse Ale
136,0.052,10.0,Mo's Gose
137,0.07,45.0,Green Bullet Organic India Pale Ale
138,0.032,27.0,Rocket Girl
139,0.053,26.0,Ninja Porter
140,0.06,69.0,Shiva IPA
141,0.048,,Aslan Kölsch
142,0.077,,Aslan IPA
143,0.077,,Aslan Amber
144,0.056,27.0,This Season's Blonde
145,0.07,67.0,Independence Pass Ale
146,0.057,40.0,Trolley Stop Stout
147,0.082,138.0,Bitter Bitch Imperial IPA
148,0.062,35.0,Poop Deck Porter
149,0.06,35.0,Old Red Beard Amber Ale
150,0.075,115.0,Hop A-Peel
151,0.055,12.0,Vanilla Java Porter
152,0.052,,Michelada
153,0.045,8.0,Dirty Blonde Ale
154,0.05,62.0,Grand Circus IPA
155,0.05,12.0,Atwater's Lager
156,0.07,,Heavy Machinery IPA Series #1: Heavy Fist
157,0.062,,Fire Eagle IPA
158,0.051,,Peacemaker
159,0.053,,Pearl-Snap
160,0.052,,Black Thunder
161,0.08,,Raja
162,0.064,,Perzik Saison
163,0.047,42.0,Avery Joe’s Premium American Pilsner
164,0.056,10.0,White Rascal
165,0.063,69.0,Avery India Pale Ale
166,0.055,17.0,Ellie’s Brown Ale
167,0.062,17.0,Pumpkin Beast
168,0.072,22.0,OktoberBeast
169,0.048,23.0,Mad Beach
170,0.067,,Hog Wild India Pale Ale
171,0.092,5.0,Devils Tramping Ground Tripel
172,0.061,41.0,Hot Rod Red
173,0.086,,Palate Mallet
174,0.06,,Back East Porter
175,0.049,,Back East Golden Ale
176,0.07,,Misty Mountain IPA
177,0.05,,Back East Ale
178,0.06,,Truck Stop Honey Brown Ale
179,0.06,43.0,Naked Pig Pale Ale
180,0.068,70.0,Topcutter India Pale Ale
181,0.044,38.0,Field 41 Pale Ale
182,0.07,,Grapefruit Sculpin
183,0.038,40.0,Even Keel
184,0.052,23.0,Ballast Point Pale Ale
185,0.07,75.0,Big Eye India Pale Ale
186,0.046,,Longfin Lager
187,0.07,70.0,Sculpin IPA
188,0.045,,All Nighter Ale
189,0.045,20.0,Banner American Rye
190,0.035,45.0,Banner American Ale
191,0.07,46.0,Thai.p.a
192,0.06,60.0,Barrio Blanco
193,0.045,,Barrio Tucson Blonde
194,0.049,22.0,Hop in the ‘Pool Helles
195,0.067,60.0,Ultra Gnar Gnar IPA
196,0.068,62.0,In-Tents India Pale Lager
197,0.05,20.0,Lost Meridian Wit
198,0.051,45.0,Celestial Meridian Cascadian Dark Lager
199,0.054,55.0,Wagon Party
200,0.067,70.0,Sky-Five
201,0.05,28.0,Stargrazer
202,0.054,48.0,Wonderstuff
203,0.053,,Tarnation California-Style Lager
204,0.07,42.0,On the Count of 3 (2015)
205,0.047,,Summer Swelter
206,0.068,,Phantom Punch Winter Stout
207,0.066,,Hayride Autumn Ale
208,0.047,,Celsius Summer Ale (2012)
209,0.055,35.0,Amber Road
210,0.049,28.0,Pamola Xtra Pale Ale
211,0.069,69.0,Stowaway IPA
212,0.088,108.0,Hoptopus Double IPA
213,0.05,10.0,Watermelon Ale
214,0.058,45.0,Fenway American Pale Ale
215,0.068,85.0,Back Bay IPA
216,0.048,16.0,Bunker Hill Blueberry Ale 
217,0.058,,Oberon
218,0.06,,Smitten
219,0.05,,Winter White
220,0.058,,Oberon
221,0.07,,Two Hearted
222,0.058,,Best Brown
223,0.044,44.0,Moar
224,0.083,,Uber Lupin Schwarz IPA
225,0.057,27.0,Nordic Blonde
226,0.06,,Cold Press
227,0.072,87.0,Harness the Winter
228,0.056,32.0,14° ESB 
229,0.062,68.0,Bent Hop Golden IPA
230,0.06,34.0,Bent Paddle Black Ale
231,0.05,38.0,Venture Pils
232,0.055,40.0,Lost Sailor IPA
233,0.053,20.0,Steel Rail Extra Pale Ale
234,0.078,,La Frontera Premium IPA
235,0.047,,Tejas Lager
236,0.064,,Number 22 Porter
237,0.056,,Big Bend Hefeweizen
238,0.06,,Terlingua Gold
239,0.081,17.0,Aprè Shred
240,0.095,104.0,Hemlock Double IPA
241,0.041,,West Portal Colorado Common Summer Ale
242,0.067,85.0,Disconnected Red
243,0.07,,Big Elm IPA
244,0.065,,Gerry Dog Stout
245,0.06,,413 Farmhouse Ale
246,0.08,54.0,Dark Star
247,0.062,,Ryecoe
248,0.06,,Blueberry Blonde
249,0.075,60.0,Galaxy IPA
250,0.05,32.0,Big River Pilsner
251,0.06,55.0,House Brand IPA
252,0.062,65.0,Big Sky IPA
253,0.05,40.0,Scape Goat Pale Ale
254,0.05,35.0,Montana Trout Slayer Ale
255,0.051,26.0,Moose Drool Brown Ale
256,0.072,60.0,Powder Hound Winter Ale
257,0.051,26.0,Moose Drool Brown Ale (2011)
258,0.05,35.0,Montana Trout Slayer Ale (2012)
259,0.062,65.0,Big Sky IPA (2012)
260,0.047,,Summer Honey
261,0.05,40.0,Scape Goat Pale Ale (2010)
262,0.05,35.0,Montana Trout Slayer Ale (2009)
263,0.051,26.0,Moose Drool Brown Ale (2009)
264,0.069,81.0,Arcus IPA
265,0.058,38.0,Wavemaker
266,0.053,43.0,Jack Pine Savage
267,0.099,85.0,Forest Fire Imperial Smoked Rye
268,0.098,76.0,Bad Axe Imperial IPA
269,0.055,35.0,Morning Wood
270,0.066,50.0,Bark Bite IPA
271,0.055,45.0,Jalapeno Pale Ale
272,0.052,,Blown Out Brown
273,0.063,,Single Hop Ale
274,0.054,,Sawtooth Ale
275,0.072,75.0,Saucy Intruder
276,0.045,16.0,Deception
277,0.075,35.0,Blackmarket Rye IPA
278,0.05,8.0,Black Market Hefeweizen
279,0.058,44.0,Aftermath Pale Ale
280,0.071,83.0,American India Red Ale
281,0.071,45.0,American Red Porter
282,0.078,34.0,American Red Saison
283,0.066,44.0,Colorado Red Ale
284,0.048,16.0,Saddle Bronc Brown Ale
285,0.046,20.0,Bomber Mountain Amber Ale
286,0.073,,Flying Sailor
287,0.048,47.0,Nordskye 
288,0.06,30.0,North Third Stout
289,0.052,,Honey Lav
290,0.068,,Coconut Brown Ale
291,0.07,51.0,51K IPA
292,0.055,,Grand Rabbits
293,0.05,,1800 Big Log Wheat (2012)
294,,,Double Play Pilsner
295,0.055,,Brewerhood Brown Ale
296,0.08,,Last Call Imperial Amber Ale
297,0.096,,Pernicious Double IPA
298,0.052,,6-4-3 Double Play Pilsner
299,,,N Street Drive-In 50th Anniversary IPA
300,0.05,,467 Ethan's Stout
301,0.064,,1335 Wicked Snout
302,0.045,,543 Skull Creek Fresh Hopped Pale Ale
303,0.056,37.0,1327 Pod's ESB
304,0.056,37.0,1327 Pod's ESB
305,0.056,37.0,1327 Pod's ESB
306,0.046,35.0,834 Happy As Ale
307,0.059,,Yellow Collar
308,0.059,,Green Collar
309,0.08,80.0,Quarter Mile Double IPA
310,0.059,60.0,Full Nelson Pale Ale
311,0.065,30.0,Steel Wheels ESB
312,0.053,22.0,Blue Mountain Classic Lager
313,0.059,60.0,Full Nelson Pale Ale (2010)
314,0.049,16.0,Kölsch 151
315,,,Professor Black
316,,,Little Boss
317,,,Van Dayum!
318,,,Spirit Animal
319,0.07,,Toxic Sludge
320,0.06,40.0,Blue Point White IPA
321,0.044,16.0,Blue Point Summer Ale
322,0.055,28.0,Toasted Lager
323,0.06,,Bohemian Export Lager
324,0.053,,Altus Bohemes Altbier
325,0.04,,Cherny Bock
326,0.05,,Czech Pilsner
327,0.05,,Viennese Lager
328,0.065,,Mad Manatee IPA
329,0.055,,Killer Whale Cream Ale
330,0.06,,Duke's Cold Nose Brown Ale
331,0.042,30.0,Longhop IPA
332,0.04,34.0,Lucky Buck
333,0.051,,Bomb Lager (New Recipe)
334,0.045,27.0,Bomb Lager (Old Recipe)
335,0.066,72.0,Firestarter India Pale Ale
336,0.075,22.0,Kilt Dropper Scotch Ale
337,0.048,30.0,Wood Splitter Pilsner
338,0.056,26.0,Gyptoberfest
339,0.07,94.0,Farmer Wirtz India Pale Ale
340,0.047,,Slow & Steady Golden Ale
341,0.068,,Pink-I Raspberry IPA
342,0.047,,Moe's Original Bar B Que 'Bama Brew Golden Ale
343,0.047,,Live Local Golden Ale
344,0.048,38.0,Screaming Eagle Special Ale ESB
345,0.049,,Dirtbag Dunkel
346,0.053,45.0,Kindler Pale Ale
347,0.064,,Mistress Winter Wheat
348,0.061,,Tent Pole Vanilla Porter
349,0.058,,Awry Rye Pale Ale
350,0.058,,Demshitz Brown Ale
351,0.048,,Wood Splitter Pilsner (2012)
352,0.048,,Brush Creek Blonde
353,0.066,72.0,Firestarter India Pale Ale
354,0.071,16.0,Noche Dulce
355,0.045,8.0,Porch Rocker
356,0.065,45.0,Rebel IPA
357,0.055,,Cold Snap
358,0.056,,Samuel Adams Winter Lager
359,0.049,30.0,Boston Lager
360,0.049,30.0,Boston Lager
361,0.053,15.0,Samuel Adams Octoberfest
362,0.053,7.0,Samuel Adams Summer Ale
363,0.049,30.0,Boston Lager
364,0.049,35.0,Hazed & Infused
365,0.057,35.0,Hoopla Pale Ale
366,0.049,35.0,Hazed & Infused (2010)
367,0.062,80.0,Heavy Lifting
368,0.065,,1492
369,0.058,,Mango Ginger
370,0.047,,Passenger
371,0.06,52.0,Plum St. Porter
372,0.057,52.0,Plum St. Porter
373,0.07,80.0,Bozone HopZone IPA
374,0.06,25.0,Bozone Hefe Weizen
375,0.055,,Bozone Select Amber Ale
376,0.052,40.0,Evil Owl
377,0.05,,Post Time Kölsch
378,0.042,9.0,Agave Wheat
379,0.045,15.0,SummerBright Ale
380,0.062,68.0,Lucky U IPA
381,0.054,19.0,Avalanche Ale
382,0.05,,"You're My Boy, Blue"
383,0.072,60.0,Last Stop IPA
384,0.05,21.0,Rollin Dirty Red Ale
385,0.055,28.0,Are Wheat There Yet?
386,0.058,,Insert Hop Reference
387,0.053,,Manitou Amber
388,0.067,,Belfort
389,0.06,,Star Runner
390,0.098,,Tart Side of the Barrel
391,0.06,,Linnaeus Mango IPA
392,0.07,,Beasts A'Burnin'
393,0.077,,Verdun
394,0.065,,Barrel Aged Triomphe
395,0.065,,Cherry Doppelbock
396,0.065,,Tropical Saison
397,0.065,,Beach Patrol
398,0.05,,Nuit Serpent
399,0.09,,Paris
400,0.055,,The Grand Army
401,0.059,,Acidulated Trip
402,0.066,,Root Stock
403,0.041,,Mind Games
404,0.082,,Sous Chef
405,0.065,,Dubbelicious
406,0.062,,Psychopomp
407,,,Fat Paczki
408,,,Earth-Like Planets
409,0.061,,Ski Patrol
410,0.063,,Viking Ice Hole
411,0.056,,Rye Porter
412,0.099,,Wizard Burial Ground
413,0.051,,Smoky Wheat
414,0.062,,BRIPA
415,0.062,,Mela
416,0.053,,W.I.P.A Snappa
417,0.063,,Pepper in the Rye
418,0.064,,Moe Lasses'
419,0.07,,Pumpkin Tart
420,0.067,,Undertaker
421,0.067,,Undertaker (2014)
422,0.05,,Coq D'Or
423,0.06,,North French
424,0.065,,Agent a Deux
425,0.045,,Belgian Wit
426,0.063,,Pothole Stout
427,0.093,,Tree Bucket
428,0.073,,Le Flaneur Ale
429,0.056,,Maize & Blueberry
430,0.093,,Trebuchet Double IPA
431,0.065,,Contemplation
432,0.05,,Black Rabbit
433,0.09,,Zaison
434,0.082,,Vivant Tripel
435,0.098,,Tart Side of the Moon
436,0.06,,Big Red Coq
437,0.099,,Hubris Quadrupel Anniversary Ale
438,0.095,,Plow Horse Belgian Style Imperial Stout
439,0.092,,Escoffier Bretta Ale
440,0.065,,Contemplation (2012)
441,0.099,,Vivant Belgian Style Imperial Stout (2012)
442,0.062,,Big Red Coq (2012)
443,0.09,,Zaison (2012)
444,0.092,,Vivant Tripel (2012)
445,0.097,,Trebuchet Double IPA (2012)
446,0.085,,Kludde
447,0.055,,Farm Hand
448,0.06,,Solitude
449,0.065,,Triomphe
450,,,Tampa Pale Ale
451,,,Orange Grove Wheat Ale
452,0.061,,Broad Brook Ale
453,0.05,15.0,Northern Lights Amber Ale
454,0.052,17.0,Polar Pale Ale
455,0.048,,Chugach Session Ale
456,0.061,64.0,Fairweather IPA
457,0.068,47.0,East India Pale Ale
458,0.045,,Brooklyn Summer Ale
459,0.068,47.0,East India Pale Ale
460,0.045,,Brooklyn Summer Ale (2011)
461,0.052,,Brooklyn Lager (16 oz.)
462,0.052,,Brooklyn Lager (12 oz.)
463,0.08,,Tour de Nez Belgian IPA (Current)
464,,,Roler Bock (Current)
465,0.073,85.0,Black Adder IBA (Current)
466,0.099,,Very Noddy Lager (Current)
467,0.062,42.0,Tule Duck Red Ale (Current)
468,0.058,35.0,Original Orange Blossom Ale (Current)
469,0.052,40.0,Black Noddy Lager (Current)
470,0.053,,Cleveland Beer Week 2013
471,0.045,,Painted Turtle
472,0.06,40.0,1836
473,0.06,20.0,Summer's Wit
474,0.09,118.0,More Cowbell
475,0.065,,Wrath of Pele
476,0.068,,Black Beer'd
477,0.078,,Mr. Tea
478,0.055,40.0,Pale Alement
479,0.099,115.0,Hopkick Dropkick
480,0.06,,Kreamed Corn
481,0.065,,Coconoats
482,0.068,16.0,Joey Wheat
483,0.072,86.0,3:33 Black IPA
484,0.068,,MCA
485,0.055,40.0,Pale Alement
486,0.05,14.0,Couch Select Lager
487,0.056,36.0,Mucho Aloha Hawaiian Pale Ale
488,0.049,,Heinnieweisse Weissebier
489,0.068,,Snapperhead IPA
490,0.049,,Moo Thunder Stout
491,0.043,,Porkslap Pale Ale
492,0.093,,Blackbeard
493,0.062,,Rye Knot
494,0.06,,Dead Arm
495,0.048,,32°/50° Kölsch 
496,0.077,,HopArt
497,0.097,,Boy King
498,0.052,,Gran Sport
499,0.053,25.0,Horny Toad Cerveza
500,0.063,35.0,Native Amber
501,0.068,100.0,F5 IPA
502,0.063,35.0,Native Amber (2013)
503,0.053,25.0,Horny Toad Cerveza (2013)
504,0.068,100.0,Hopportunity Knocks IPA
505,0.06,,Pilot Rock Porter
506,0.056,55.0,Caldera Pale Ale
507,0.039,16.0,Lawnmower Lager
508,0.054,24.0,Ashland Amber Ale (2009)
509,0.061,94.0,Caldera IPA (2009)
510,0.061,94.0,Caldera IPA (2007)
511,0.056,55.0,Caldera Pale Ale (2010)
512,0.056,55.0,Caldera Pale Ale (2009)
513,0.056,55.0,Caldera Pale Ale (2005)
514,0.056,55.0,Caldera Pale Ale (2007)
515,0.056,55.0,Caldera Pale Ale (2011)
516,0.054,24.0,Ashland Amber Ale
517,0.061,94.0,Caldera IPA
518,0.05,,Remain in Light
519,0.065,,Flower Child (2014)
520,,,THP White (2006)
521,,,THP Amber (2006)
522,,,THP Light (2006)
523,,,THP Dark (2006)
524,0.099,43.0,Imperial Pumpkin Stout
525,0.09,130.0,Dead-Eye DIPA
526,0.055,64.0,Fisherman's IPA
527,0.054,35.0,Fisherman's Pils
528,0.055,30.0,Fisherman's Brew
529,0.055,35.0,Cape Cod Red
530,0.049,10.0,Beach Blonde
531,0.065,80.0,Dark Voyage Black IPA (2013)
532,0.052,28.0,Wisconsin Amber
533,0.046,18.0,Lake House
534,0.056,55.0,Ghost Ship White IPA
535,0.046,18.0,Lake House
536,0.062,70.0,Mutiny IPA
537,0.052,,Wisconsin Amber (1998)
538,0.042,,Island Wheat
539,0.052,,Wisconsin Amber (2013)
540,0.05,,U.S. Pale Ale
541,,,Supper Club Lager
542,0.04,,Carolina Lighthouse (2007)
543,0.05,,Carolina Blonde (2006)
544,0.035,,Carolina Blonde Light (2005)
545,0.059,22.0,Santa's Secret
546,0.057,,Flagship IPA
547,0.051,,Sky Blue Golden Ale
548,0.099,100.0,Epitome
549,0.039,9.0,Monkey Chased the Weasel
550,0.078,80.0,077XX
551,0.042,35.0,Boat Beer
552,0.069,,Granny Smith Hard Apple Cider
553,0.069,,Dry Hard Apple Cider
554,0.056,,Farmer Ted's Cream Ale
555,0.052,,Firewater India Pale Ale
556,0.047,,White Zombie Ale
557,0.07,,King Winterbolt Winter Ale
558,0.047,,White Zombie Ale
559,0.052,,Firewater India Pale Ale
560,0.056,,Farmer Ted's Farmhouse Cream Ale
561,0.048,16.0,Whitecap Wit
562,0.078,16.0,Seiche Scottish Ale
563,0.058,,Peanut Butter Jelly Time
564,0.054,,King Coconut
565,0.085,90.0,Gone A-Rye
566,,,Special Release
567,0.068,70.0,Dankosaurus
568,0.051,35.0,Scruffy's Smoked Alt
569,0.051,36.0,Elliott's Phoned Home Pale Ale
570,0.05,18.0,The Lawn Ranger
571,0.05,,All American Blonde Ale
572,0.05,,All American Red Ale
573,0.05,40.0,Main St. Virginia Ale
574,0.045,24.0,Chin Music Amber Lager
575,0.05,40.0,Main St. Virginia Ale
576,0.052,42.0,Ray Ray’s Pale Ale
577,0.051,15.0,Chai Ale
578,0.072,85.0,Lucky Day IPA
579,0.095,99.0,Terrace Hill Double IPA
580,0.075,77.0,Catch 23
581,0.07,,Stickin' In My Rye
582,0.06,45.0,Black Me Stout
583,0.05,22.0,Killer Kolsch
584,0.07,65.0,Missile IPA
585,0.045,,Enlighten
586,0.065,8.0,Ale Cider
587,0.055,30.0,Pail Ale
588,0.045,,Englishman
589,0.08,69.0,8 Barrel
590,0.055,40.0,Oktoberfest
591,0.057,58.0,IPA #11
592,0.057,10.0,Blood Orange Honey
593,0.052,,Lighthouse Amber
594,0.089,126.0,Bay of Bengal Double IPA (2014)
595,0.049,29.0,Churchkey Pilsner Style Beer
596,0.05,,First Press
597,0.05,,Magic Apple
598,0.055,25.0,Cubano Espresso
599,0.062,65.0,Operation Homefront
600,0.082,65.0,Wandering Pelican
601,0.055,,Sugar Plum
602,0.055,,Oktoberfest
603,0.06,,Puppy's Breath Porter
604,0.045,,Happening Now
605,0.07,60.0,Hopped on the High Seas (Hop #529)
606,0.07,60.0,Hopped on the High Seas (Calypso)
607,0.063,,Wiregrass Post-Prohibition Ale
608,0.07,60.0,Dry-Hopped On The High Seas Caribbean-Style IPA
609,0.07,60.0,Hopped on the High Seas (Citra)
610,0.07,60.0,Hopped on the High Seas (Ahtanum)
611,0.055,,Gwar Beer
612,0.052,,Tropical Heatwave
613,0.075,70.0,Humidor Series India Pale Ale
614,0.075,70.0,Jai Alai IPA Aged on White Oak
615,0.08,65.0,José Martí American Porter
616,0.05,,Invasion Pale Ale
617,0.055,25.0,Maduro Brown Ale
618,0.055,25.0,Maduro Brown Ale
619,0.05,,Hotter Than Helles Lager
620,0.072,75.0,Tocobaga Red Ale
621,0.075,70.0,Jai Alai IPA
622,0.05,18.0,Florida Cracker Belgian Wit
623,0.048,,Shark Tracker Light lager
624,0.06,,Pumple Drumkin
625,0.045,,Grey Lady
626,0.062,,Summer of Lager
627,0.065,,Indie Pale Ale
628,0.038,,Sankaty Light Lager
629,0.056,,Whale's Tale Pale Ale
630,0.067,60.0,Jacaranada Rye IPA
631,0.06,75.0,Cascadian Dark Ale
632,0.044,13.0,Wheat the People
633,0.047,17.0,Tybee Island Blonde
634,0.062,55.0,Savannah Brown Ale
635,0.046,11.0,Rhode Island Blueberry
636,0.065,75.0,Newport Storm IPA
637,0.052,24.0,Hurricane Amber Ale (2004)
638,0.052,24.0,Hurricane Amber Ale
639,0.058,,Big Blue Van
640,0.068,75.0,Des Moines IPA
641,0.048,22.0,Capital Gold Golden Lager
642,0.056,21.0,Farmer John's Multi-Grain Ale
643,0.05,,Behemoth
644,0.052,,Arkansas Red
645,0.057,,Core Oatmeal Stout
646,0.061,,Core ESB
647,0.038,,Chester's Beer (2005)
648,0.05,,Heiner Brau Kölsch
649,0.048,,Trigger Blonde Ale
650,0.075,29.0,Crabtree Oatmeal Stout
651,0.077,71.0,Eclipse Black IPA
652,0.06,46.0,Neomexicanus Native
653,0.075,25.0,Old Soul
654,0.059,,Snowcat Coffee Stout
655,,,WinterWonderGrass Festival Ale
656,,,Boohai Red Ale
657,0.052,15.0,Lava Lake Wit
658,0.06,,Mountain Livin' Pale Ale
659,0.052,25.0,Crazy Mountain Amber Ale
660,0.065,65.0,Tropicalia
661,0.045,,Athena
662,0.049,25.0,Aviator Raspberry Blonde
663,0.055,,3 Picket Porter
664,0.056,,Rusty Nail Pale Ale
665,0.065,,Red Water Irish Style Red
666,0.066,,Mjöllnir
667,0.055,,Bear Butte Nut Brown Ale
668,0.045,,Easy Livin' Summer Ale
669,0.055,,Canyon Cream Ale
670,0.069,,Pile O'Dirt Porter
671,0.06,,11th Hour IPA
672,0.06,31.0,South Ridge Amber Ale
673,0.052,23.0,Summertime Ale
674,0.049,,Lost River Blonde Ale
675,0.054,,Monon Wheat
676,0.08,,Floyd's Folly
677,0.063,,Half Court IPA
678,0.045,,Geary's Pale Ale
679,0.06,,Geary's Summer Ale
680,0.08,,Stone of Arbroath
681,0.05,15.0,The Tradition
682,0.053,11.0,El Hefe Speaks
683,0.055,,Penn Quarter Porter
684,0.092,115.0,On the Wings of Armageddon
685,0.065,80.0,The Corruption
686,0.07,,The Citizen
687,0.06,,The Public
688,0.065,,Dank IPA
689,0.065,,Dank IPA (2012)
690,0.072,,Lift Off IPA
691,0.055,,BrewFarm Select Golden Lager
692,0.05,,Sprocket Blonde Ale (2006)
693,0.05,,Sprocket Pale Ale (2006)
694,0.063,37.0,Dead Armadillo Amber Ale
695,0.06,,Neato Bandito
696,0.075,33.0,Oak Cliff Coffee Ale
697,0.085,100.0,Dream Crusher Double IPA
698,0.06,,Deep Ellum Pale Ale
699,0.07,,Double Brown Stout
700,0.048,25.0,Farmhouse Wit
701,0.046,,Rye Pils Session Lager
702,0.052,23.0,Dallas Blonde
703,0.07,70.0,Deep Ellum IPA
704,0.045,44.0,Thrasher Session India Pale Ale
705,0.05,16.0,Gutch English Style Mild Ale
706,0.059,55.0,Chuli Stout
707,0.056,46.0,Mother Ale
708,0.065,71.0,Twister Creek India Pale Ale
709,0.058,46.0,Single Engine Red
710,0.07,,Incredible Pedal IPA
711,0.05,,Graham Cracker Porter
712,0.05,40.0,Mirror Pond Pale Ale
713,0.052,16.0,Weissenheimer
714,0.049,22.0,Abbey's Single (2015- )
715,0.063,76.0,Vertex IPA
716,0.05,12.0,Here Gose Nothin'
717,0.05,,Strawberry Blonde
718,0.096,85.0,Hoperation Overload
719,0.049,22.0,Abbey's Single Ale (Current)
720,0.044,45.0,Bravo Four Point
721,0.052,26.0,Striped Bass Pale Ale
722,0.054,27.0,Deadicated Amber
723,,,Kaleidoscope Collaboration 2012
724,0.071,85.0,California Sunshine Rye IPA
725,0.074,12.0,Full Boar Scotch Ale
726,0.045,,12 Man Pale Ale
727,0.065,72.0,Filthy Hoppin' IPA
728,,,Dock Street Amber Beer (1992)
729,,,Dolores River Hefeweizen
730,,,Dolores River ESB
731,,,Snaggletooth Double Pale Ale
732,,,Dolores River Pale Ale
733,,,Dolores River Dry Stout
734,,,Dolores River Mild
735,0.049,,Cranberry Blend
736,0.051,,Orignal Blend
737,0.066,100.0,Hop Abomination
738,0.051,17.0,Apricot Blonde
739,0.043,12.0,Dry Dock Hefeweizen
740,0.058,49.0,Dry Dock Amber Ale
741,0.061,64.0,Category 3 IPA
742,0.045,18.0,Dundee Summer Wheat Beer
743,0.05,,Pumpkin Patch Ale
744,0.078,74.0,Crank Yanker IPA
745,0.06,,River Runners Pale Ale
746,0.05,,Pumpkin Patch Ale (2012)
747,0.055,,Mountain Fairy Raspberry Wheat
748,0.045,,Boater Beer
749,0.078,74.0,Crank Yanker IPA (2011)
750,0.057,,Bleeding Buckeye Red Ale
751,0.049,25.0,Dottie Seattle Lager
752,0.07,,Nut Sack Imperial Brown Ale
753,0.05,,Underachiever
754,0.052,,Lil' Brainless Raspberries
755,0.052,,Element 29
756,0.05,,Hop Syndrome
757,0.062,,Escape to Colorado
758,0.043,60.0,Little Sister India Style Session Ale
759,0.062,80.0,Country Boy IPA
760,0.049,23.0,Blonde Czich
761,0.07,61.0,White Reaper
762,0.051,,Bobblehead
763,0.052,,Lucky Dog
764,0.048,,Voodoo
765,0.054,48.0,General George Patton Pilsner
766,0.04,,Nomader Weiss
767,0.085,,Molotov Lite
768,0.055,,Hipster Ale (Two Roads Brewing)
769,0.027,,Bikini Beer
770,0.055,,Hipster Ale (Westbrook Brewing)
771,0.05,32.0,Iron Horse Pale Ale
772,0.045,19.0,Stone's Throw IPA
773,0.067,70.0,Wood Chipper India Pale Ale
774,0.063,55.0,Trail Head
775,0.07,80.0,Hop Stalker Fresh Hop IPA
776,0.07,58.0,Sudice American Stout
777,0.05,20.0,Parcae Belgian Style Pale Ale
778,0.05,20.0,Norns Roggenbier
779,0.05,20.0,Laimas Kölsch Style Ale
780,0.07,70.0,Moirai India Pale Ale
781,0.075,53.0,Loki Red Ale
782,0.046,,Peaches & Cream
783,0.051,,Quaff India Style Session Ale
784,0.075,53.0,Loki Red Ale (2013)
785,0.069,,Mjolnir Imperial IPA
786,0.05,,Fearless Scottish Ale
787,0.081,,Mastermind
788,0.082,,Hyzer Flip
789,0.082,80.0,Second Fiddle
790,0.055,30.0,Hodad Porter
791,0.045,,Weiss Weiss Baby
792,0.055,45.0,Czech Yo Self
793,0.048,20.0,FMB 101
794,0.09,,Hardcore Chimera
795,0.08,80.0,Sobek & Set
796,0.086,,Nuclear Winter
797,0.05,22.0,Wet Hot American Wheat Ale
798,0.053,,Secret Stache Stout
799,0.08,72.0,Fascist Pig Ale
800,0.055,,Cut Throat Pale Ale
801,0.075,,Threadless IPA
802,0.055,,Cut Throat Pale Ale (2011)
803,0.047,,Golden Wing Blonde Ale
804,0.045,47.0,Easy Jack
805,0.075,75.0,Union Jack
806,0.053,,Pivo Pils
807,0.047,,805 Blonde Ale
808,0.047,20.0,805
809,0.065,,Deflator
810,0.05,27.0,Hinchtown Hammer Down
811,0.06,104.0,Half Cycle IPA
812,,,Inclined Plane Ale
813,0.055,,Moped Traveler
814,0.071,60.0,Snake Dog IPA
815,0.047,28.0,Underdog Atlantic Lager
816,0.04,,Flying Mouse 8
817,0.07,70.0,Flying Mouse 4
818,0.078,,La Ferme Urbaine Farmhouse Ale
819,0.06,,Backyahd IPA
820,0.065,,Raincloud Robust Porter
821,0.045,,Barstool American Golden Ale
822,0.05,18.0,What the Butler Saw
823,0.069,65.0,1916 Shore Shiver
824,0.052,,Quick WIT
825,0.062,,The Optimist
826,0.045,,Suicide Squeeze IPA
827,0.065,,Java the Hop
828,0.062,,Next Adventure Black IPA
829,0.067,,3-Way IPA (2013)
830,0.058,,Tender Loving Empire NWPA
831,0.052,,Quick Wit Belgianesque Ale
832,0.055,,Sunrise Oatmeal Pale Ale
833,0.088,,Cavatica Stout
834,0.051,,1811 Lager
835,0.074,97.0,Vortex IPA
836,,,Fort Pitt Ale
837,0.047,19.0,Park
838,0.056,16.0,Westfalia
839,0.046,17.0,KSA
840,0.063,42.0,Villager
841,0.085,50.0,Dirty Bastard
842,0.072,65.0,Centennial IPA
843,0.047,42.0,All Day IPA
844,0.076,73.0,El Chingon IPA
845,0.057,40.0,Block Party Robust Porter
846,0.052,20.0,Local Buzz
847,0.055,,Feel Like Maplin' Love
848,0.05,,Father's Beer
849,0.06,,The 26th
850,0.064,90.0,The Gadget
851,0.04,,Leprechaun Lager
852,0.052,17.0,Sunbru Kölsch
853,0.06,21.0,Kilt Lifter Scottish-Style Ale
854,0.051,,Pumpkin Porter
855,0.042,9.0,Four Peaks Peach Ale
856,0.067,47.0,Hop Knot IPA
857,0.06,21.0,Kilt Lifter Scottish-Style Ale (2009)
858,0.052,,Sunbru Kölsch
859,0.06,,Four String Vanilla Porter
860,0.05,28.0,Suncaster Summer Wheat
861,0.057,36.0,Brass Knuckle Pale Ale
862,0.07,70.0,Big Star White IPA
863,0.056,,Old Detroit
864,0.069,69.0,Batch 69 IPA
865,0.055,18.0,Twisted Helles Summer Lager
866,0.053,27.0,OktoberFiesta
867,0.065,33.0,Texicali 
868,0.06,,Pinata Protest
869,0.042,20.0,Bat Outta Helles
870,0.068,,Original
871,0.042,10.0,Rye Wit
872,0.059,70.0,Soul Doubt
873,0.044,5.0,Yo Soy Un Berliner
874,0.04,,77 Fremont Select Spring Session IPA
875,0.045,,Fremont Organic Pale Ale
876,0.08,,Abominable Ale
877,0.065,35.0,Harvest Ale
878,0.065,45.0,Fremont Summer Ale
879,0.056,30.0,Universale Pale Ale
880,0.065,80.0,Interurban IPA
881,0.053,32.0,Gateway Kolsch Style Ale
882,0.07,24.0,Wee-Heavy-Er Scotch Ale
883,0.052,42.0,13 Rebels ESB
884,0.07,73.0,Salamander Slam
885,0.05,,Cack-A-Lacky
886,0.072,50.0,No Wake IPA
887,0.049,15.0,Boathouse Blonde
888,0.05,26.0,Cedar Point
889,0.067,70.0,Clean Shave IPA
890,0.072,75.0,Might As Well IPL
891,0.058,35.0,Saison Pamplemousse
892,0.074,74.0,2020 IPA
893,0.08,70.0,Wolf Among Weeds IPA
894,0.094,92.0,Better Weather IPA
895,0.059,60.0,Point the Way IPA
896,0.046,15.0,Golden Road Hefeweizen
897,0.068,65.0,Heal the Bay IPA
898,0.059,60.0,Point the Way IPA
899,0.05,,Cabrillo Kölsch
900,0.055,20.0,Get Up Offa That Brown
901,0.08,70.0,Burning Bush Smoked IPA
902,0.08,70.0,Wolf Among Weeds IPA (2012)
903,0.059,60.0,Point the Way IPA (2012)
904,0.046,15.0,Golden Road Hefeweizen (2012)
905,0.07,11.0,Vanilla Porter
906,0.07,70.0,Descender IPA
907,0.06,18.0,Sweet As Pacific Ale
908,0.056,36.0,Good People Pale Ale
909,0.093,103.0,Snake Handler Double IPA
910,0.06,54.0,Coffee Oatmeal Stout
911,0.06,64.0,Good People IPA
912,0.058,36.0,Good People American Brown Ale
913,0.055,40.0,Mountain Rescue Pale Ale
914,0.059,55.0,Goose Island India Pale Ale
915,0.054,30.0,312 Urban Pale Ale
916,0.054,30.0,312 Urban Pale Ale
917,0.042,18.0,312 Urban Wheat Ale
918,0.042,18.0,312 Urban Wheat Ale
919,0.042,20.0,312 Urban Wheat Ale (2012)
920,0.052,19.0,Beaver Logger
921,0.05,,White Water Wheat
922,0.052,,Grand Canyon American Pilsner
923,0.054,,Grand Canyon Sunset Amber Ale
924,,,Black Iron India Pale Ale
925,0.043,21.0,Monarch Classic American Wheat
926,0.049,21.0,Sir William's English Brown Ale
927,0.055,35.0,Lakefire Rye Pale Ale
928,0.053,22.0,Beer Agent Re-Ignition
929,0.057,18.0,Cherry Ale
930,0.056,33.0,Bourbon Barrel Aged Coconut Porter
931,0.062,60.0,Great Crescent IPA
932,0.057,27.0,Aurora Lager
933,0.053,22.0,Great Crescent Blonde Ale
934,0.056,33.0,Great Crescent Coconut Porter
935,0.057,25.0,Great Crescent Oktoberfest Lager
936,0.045,36.0,Great Crescent Brown Ale
937,0.057,18.0,Cherry Ale (1)
938,0.057,27.0,Aurora Lager (2011)
939,0.06,25.0,Frosted Fields Winter Wheat
940,0.051,13.0,Great Crescent Belgian Style Wit
941,0.075,65.0,Bourbon's Barrel Stout
942,0.08,66.0,Great Crescent Stout
943,0.056,33.0,Great Crescent Coconut Porter (2012)
944,0.057,23.0,Great Crescent Dark Lager
945,0.042,26.0,Great Crescent Mild Ale
946,0.062,60.0,Great Crescent IPA (2011)
947,0.053,22.0,Great Crescent Blonde Ale (2011)
948,0.05,,Denver Pale Ale (Artist Series No. 1)
949,0.087,,Hibernation Ale
950,0.061,,Whitewater
951,0.071,,Rumble
952,0.083,,Orabelle
953,0.05,,Lasso
954,0.095,75.0,Yeti  Imperial Stout
955,0.073,,Colette
956,0.071,,Titan IPA
957,0.045,15.0,Black Star Double Hopped Golden Lager (24 oz.)
958,0.045,15.0,Black Star Double Hopped Golden Lager (12 oz.)
959,0.052,49.0,Commotion APA
960,0.052,,Southern Drawl Pale Lager
961,0.05,5.0,Chickawawa Lemonale
962,0.07,22.0,Barrel Aged Farmer
963,0.048,,Great River Golden Ale
964,0.048,,Dirty Blonde Chocolate Ale
965,0.048,20.0,Dos Pistolas
966,0.05,30.0,Owney Irish Style Red Ale
967,0.06,,Aaah Bock Lager
968,0.055,10.0,Widespread Wit
969,0.054,30.0,Roller Dam Red Ale
970,0.053,48.0,483 Pale Ale
971,0.09,99.0,Hop A Potamus Double Dark Rye Pale Ale
972,0.07,22.0,Farmer Brown Ale
973,0.07,70.0,Big Cock IPA
974,0.059,25.0,Oktoberfest
975,0.048,25.0,40th Annual Bix Street Fest Copper Ale (Current)
976,0.06,36.0,Redband Stout
977,0.053,48.0,483 Pale Ale (2010)
978,0.054,30.0,Roller Dam Red Ale (2010)
979,0.05,30.0,Pablo Beach Pale Ale
980,0.057,44.0,Wild Trail Pale Ale
981,0.067,71.0,Mothman Black IPA
982,0.058,,Autumn Winds Fest Beer
983,0.085,69.0,Captain's Daughter
984,0.058,,Autumn Winds
985,0.06,54.0,Flying Jenny Extra Pale Ale
986,0.04,20.0,Hazy Day Belgian-Style Wit
987,0.055,,Bring Back the Beach Blonde Ale
988,0.06,34.0,Leaning Chimney Smoked Porter
989,0.06,54.0,Flying Jenny Extra Pale Ale (2012)
990,0.049,22.0,Flagship Ale
991,0.045,6.0,Mr. Blue Sky
992,0.065,,3 Scrooges
993,0.05,25.0,Screamin’ Pumpkin
994,0.05,35.0,Grand Trunk Bohemian Pils
995,0.065,25.0,El Rojo
996,0.075,,Norm's Raggedy Ass IPA
997,0.05,35.0,Grind Line
998,0.04,55.0,Norm's Gateway IPA
999,0.09,,Lemon Shandy Tripel
1000,0.063,43.0,Little Red Cap
1001,0.069,67.0,Supergoose IPA
1002,0.047,,Hale's Pale American Ale
1003,0.07,,Heyoka IPA
1004,0.08,,Guest Lager
1005,0.057,,Pony Pilsner
1006,0.055,,Akari Shogun American Wheat Ale
1007,0.06,,Meat Wave
1008,0.06,,Over Ale
1009,0.042,,Gossamer Golden Ale
1010,0.052,,Daisy Cutter Pale Ale
1011,0.07,40.0,Pursuit
1012,0.052,18.0,Half Full Bright Ale
1013,0.046,17.0,Orange Wheat
1014,0.043,14.0,Hangar 24 Helles Lager
1015,0.075,70.0,The Great Return
1016,0.044,18.0,Hardywood Cream Ale
1017,0.056,55.0,Capital Trail Pale Ale
1018,0.052,15.0,UFO Gingerland
1019,0.062,45.0,The Long Thaw White IPA
1020,0.048,,Honey Cider
1021,0.05,28.0,Harpoon Summer Beer
1022,0.059,42.0,Harpoon IPA
1023,0.059,20.0,UFO Pumpkin
1024,0.055,30.0,Harpoon Octoberfest
1025,0.059,42.0,Harpoon IPA (2012)
1026,0.05,28.0,Harpoon Summer Beer (2012)
1027,0.048,10.0,UFO White
1028,0.05,28.0,Harpoon Summer Beer (2010)
1029,0.059,42.0,Harpoon IPA (2010)
1030,,,Great Falls Select Pale Ale
1031,0.048,,Beltian White
1032,0.049,,Kaua'i Golden Ale
1033,0.054,,Sunset Amber
1034,0.064,,Hapa Brown Ale
1035,0.064,,Hapa Brown Ale
1036,0.083,,Southern Cross
1037,0.076,65.0,Groupe G
1038,0.062,40.0,Pt. Bonita Rustic Lager
1039,0.088,77.0,Hill 88 Double IPA
1040,0.072,45.0,Loose Cannon
1041,0.06,30.0,AARGHtoberfest!
1042,0.06,,Davy Jones Lager
1043,0.063,30.0,Grazias
1044,0.08,86.0,Habitus IPA
1045,0.099,85.0,Ex Umbris Rye Imperial Stout
1046,0.063,21.0,The Golden One
1047,0.07,68.0,The Power of Zeus
1048,0.044,22.0,Tonganoxie Honey Wheat
1049,0.045,,Oregon Trail Unfiltered Raspberry Wheat
1050,0.055,,Annie's Amber Ale
1051,0.045,32.0,The 12th Can™
1052,0.055,34.0,Hilliard's Pils
1053,0.049,20.0,Hilliard's Blonde
1054,0.055,60.0,Hilliard's Amber Ale
1055,0.066,30.0,Hilliard's Saison
1056,0.042,,White Cap White IPA
1057,0.042,25.0,Provision
1058,0.047,28.0,One Nut Brown
1059,0.058,45.0,Hop Farm IPA
1060,0.049,20.0,Double D Blonde
1061,0.078,60.0,Festeroo Winter Ale
1062,0.063,70.0,Proxima IPA
1063,0.049,20.0,Double D Blonde (2013)
1064,0.048,13.0,541 American Lager
1065,0.065,90.0,Alphadelic IPA
1066,0.065,90.0,Alphadelic IPA (2011)
1067,0.049,20.0,Double D Blonde (2011)
1068,0.07,,Green House India Pale Ale
1069,0.051,,The One They Call Zoe
1070,0.051,40.0,Alteration
1071,0.06,50.0,Pale Dog
1072,0.065,,Porter Culture
1073,0.068,,Hard Cider
1074,0.027,21.0,Totally Radler
1075,0.039,20.0,Nonstop Hef Hop
1076,0.039,20.0,Nonstop Hef Hop
1077,0.039,20.0,Nonstop Hef Hop
1078,0.039,20.0,Nonstop Hef Hop
1079,0.039,20.0,Nonstop Hef Hop
1080,0.039,20.0,Nonstop Hef Hop
1081,0.039,20.0,Nonstop Hef Hop
1082,0.039,20.0,Nonstop Hef Hop
1083,0.039,20.0,Nonstop Hef Hop
1084,0.039,20.0,Nonstop Hef Hop
1085,0.039,20.0,Nonstop Hef Hop
1086,0.039,20.0,Nonstop Hef Hop
1087,0.058,60.0,Rise Up Red
1088,0.058,35.0,Survival Stout
1089,0.066,75.0,Hopworks IPA
1090,0.073,70.0,Abominable Winter Ale
1091,0.06,60.0,Pigwar White India Pale Ale
1092,0.058,60.0,Rise-Up Red (2014)
1093,0.073,70.0,Abominable Winter Ale (2012)
1094,0.051,32.0,HUB Lager
1095,0.066,75.0,Hopworks IPA (2012)
1096,0.056,,Watermelon Wheat
1097,0.051,17.0,Laka Laka Pineapple
1098,0.06,,Oktoberfest
1099,0.065,,Trail Maker Pale Ale
1100,0.055,,Action Man Lager
1101,0.068,90.0,Let It Ride IPA
1102,0.065,22.0,Stir Crazy Winter Ale
1103,0.05,10.0,Sweet Yamma Jamma Ale
1104,0.046,27.0,Shenanigans Summer Ale
1105,0.065,80.0,Midnight Ryder
1106,0.054,45.0,Day Tripper Pale Ale
1107,0.048,32.0,Oklahoma Suks
1108,0.055,42.0,Power & Light
1109,0.059,27.0,White Rabbit 
1110,0.058,58.0,Tribute
1111,0.07,75.0,Infamous IPA
1112,0.055,20.0,Hijack
1113,0.045,20.0,Jon Boat Coastal Ale
1114,0.068,55.0,I-10 IPA
1115,0.053,28.0,People's Pale Ale
1116,0.049,,Summer Ale
1117,,,Appreciation Ale
1118,0.052,18.0,House Lager
1119,0.048,15.0,Leisure Time
1120,0.072,80.0,Excess IPL
1121,0.067,65.0,Hoponius Union
1122,0.049,45.0,Calyptra
1123,0.05,,Helen's Blend
1124,0.051,,Jack's Hard Cider
1125,0.055,37.0,Thunder Ann
1126,0.055,,Razz Wheat
1127,0.065,,Hop Ryot
1128,0.07,,Mystic Mama IPA
1129,0.05,,Firefly Amber Ale
1130,0.067,,Chomolungma Honey Nut Brown Ale
1131,0.069,,Welcome to Scoville
1132,,,Bastian
1133,0.045,,Healani
1134,0.055,,Yabba Dhaba Chai Tea Porter
1135,0.055,,A Capella Gluten Free Pale Ale
1136,0.06,,Casper White Stout
1137,0.06,,JP's Ould Sod Irish Red IPA
1138,0.05,15.0,Weize Guy
1139,0.05,50.0,Fox Tail Gluten Free Ale
1140,0.093,90.0,Hop Box Imperial IPA
1141,0.052,15.0,Joseph James American Lager
1142,0.071,,Sucha Much IPA
1143,0.075,24.0,Lewbricator Wheat Dopplebock 
1144,0.052,16.0,Weisse Versa (2012)
1145,0.058,25.0,Mother in Lager
1146,0.055,40.0,Weekend Warrior Pale Ale
1147,0.055,25.0,Karbachtoberfest
1148,0.047,20.0,Love Street Summer Seasonal (2014)
1149,0.066,20.0,Barn Burner Saison
1150,0.095,85.0,Rodeo Clown Double IPA
1151,0.049,45.0,Sympathy for the Lager
1152,0.052,15.0,Weisse Versa
1153,0.066,70.0,Hopadillo India Pale Ale
1154,0.057,19.0,KelSo Nut Brown Lager
1155,0.06,64.0,KelSo India Pale Ale
1156,0.055,23.0,KelSo Pilsner
1157,0.058,,Skilak Scottish Ale
1158,0.05,15.0,Peninsula Brewers Reserve (PBR)
1159,0.068,,Sunken Island IPA
1160,0.058,,Skilak Scottish Ale (2011)
1161,0.065,11.0,Cold Smoke Scotch Ale (2007)
1162,0.065,65.0,Double Haul IPA (2009)
1163,0.065,65.0,Double Haul IPA (2006)
1164,0.055,50.0,Eddy Out Pale Ale
1165,0.065,65.0,Double Haul IPA
1166,0.065,11.0,Cold Smoke Scotch Ale
1167,,,U. P. Witbier
1168,,,November Gale Pale Ale
1169,,,Olde Ore Dock Scottish Ale
1170,,,Widow Maker Black Ale
1171,,,Lift Bridge Brown Ale
1172,,,Pick Axe Blonde Ale
1173,,,Red Jacket Amber Ale
1174,0.051,,Amber Ale
1175,0.055,,King Street Pilsner
1176,0.06,70.0,King Street IPA
1177,0.057,10.0,King Street Hefeweizen
1178,0.049,,King Street Blonde Ale
1179,0.063,65.0,India Pale Ale
1180,0.048,11.0,Blackberry Wheat
1181,0.046,18.0,Longboard Island Lager
1182,0.046,18.0,Longboard Island Lager
1183,0.046,18.0,Longboard Island Lager
1184,0.046,18.0,Longboard Island Lager
1185,0.04,9.0,Choc Beer (2003)
1186,0.08,,Bellingham Beer Week 2013 Collaboration
1187,0.054,15.0,A Slice of Hefen
1188,0.072,100.0,Elevated IPA
1189,0.066,30.0,Rumspringa Golden Bock
1190,0.048,28.0,Lancaster German Style Kölsch
1191,0.045,,Beach Cruiser
1192,0.068,,I.P. Eh!
1193,0.05,,Schoolhouse Honey
1194,0.055,,10 Degrees of Separation
1195,0.05,12.0,Laughing Dog Cream Ale
1196,0.048,9.0,Two-One Niner
1197,0.064,66.0,Laughing Dog IPA
1198,0.064,95.0,Madra Allta
1199,0.056,70.0,Duluchan India Pale Ale
1200,0.05,,Lazy Monk Bohemian Pilsner
1201,0.051,,Yellowstone Golden Ale
1202,0.057,,Tumbleweed IPA
1203,0.05,,Lewis & Clark Amber Ale
1204,0.05,,Miner's Gold Hefeweizen
1205,0.057,,Back Country Scottish Ale
1206,0.052,30.0,Getaway
1207,0.06,30.0,Farm Girl Saison
1208,0.058,40.0,Adam's Stout
1209,0.057,42.0,American Hero
1210,0.052,20.0,Schweet Ale
1211,0.065,75.0,Irregardless IPA
1212,0.057,40.0,Peach Pale Ale
1213,0.06,,Deadeye Jack
1214,0.075,,Pistols at Dawn
1215,0.057,47.0,Peacemaker Pale Ale
1216,0.058,11.0,Shotgun Betty
1217,0.061,30.0,Sweet Josie
1218,0.059,42.0,Long Trail IPA
1219,0.046,30.0,Long Trail Ale
1220,0.072,33.0,Double Bag
1221,0.04,8.0,Blackbeary Wheat
1222,0.046,30.0,Long Trail Ale (1)
1223,0.046,8.0,Gose
1224,0.048,20.0,Vermont Pilsner
1225,0.055,,Mosaic Single Hop IPA
1226,0.045,,Lost Galaxy
1227,0.062,65.0,Face Plant IPA
1228,0.056,55.0,Rhino Chasers Pilsner
1229,0.052,29.0,Slow Hand Stout
1230,0.062,,Hips Don't Lie
1231,0.052,,Ride Again Pale Ale
1232,0.048,,The Farmer's Daughter
1233,0.038,18.0,Pub Ale
1234,0.051,31.0,Ballistic Blonde
1235,0.054,,Knotty Pine
1236,0.053,20.0,Lumberyard Pilsner
1237,0.061,,Lumberyard IPA
1238,0.058,,Lumberyard Red Ale
1239,0.05,,Mac's Highlander Pale Ale (2000)
1240,0.051,32.0,Mac's Scottish Style Amber Ale (2000)
1241,0.05,,Macon Progress Ale
1242,0.055,,Macon History Ale
1243,0.099,,Galaxy High
1244,0.043,18.0,Sol Drifter
1245,0.085,,Thunder Snow
1246,0.079,18.0,The Great Pumpcan
1247,0.047,11.0,LIFT
1248,0.05,40.0,SPRYE
1249,0.069,70.0,Psychopathy
1250,0.07,32.0,Gnarly Brown
1251,0.06,30.0,Happy Amber
1252,0.051,20.0,#9
1253,0.055,13.0,Elder Betty
1254,0.051,20.0,#9
1255,0.042,,High Country Pilsner (Current)
1256,0.065,,Epic IPA
1257,0.042,,Golden Trout Pilsner
1258,0.045,,Real McCoy Amber Ale (Current)
1259,0.072,,Festivus (1)
1260,0.067,,Manayunk Oktoberfest
1261,0.045,21.0,Belgian Style Session Ale
1262,0.055,,Manayunk IPA
1263,0.055,,Yunkin' Punkin'
1264,0.05,18.0,Summer Paradise
1265,0.09,30.0,Monk from the 'Yunk
1266,0.06,14.0,Schuylkill Punch
1267,0.085,85.0,Dreamin' Double IPA
1268,0.099,93.0,Chaotic Double IPA
1269,0.08,88.0,Manzanita IPA
1270,0.06,25.0,Riverwalk Blonde Ale
1271,0.095,49.0,Gillespie Brown Ale
1272,0.066,44.0,Manzanita Pale Ale
1273,0.047,,Marble Pilsner
1274,0.062,,Marble India Pale Ale
1275,0.072,,Toughcats IPA
1276,0.05,,Tug Pale Ale
1277,0.099,,Sexy Chaos
1278,0.063,,Ace Hole American Pale Ale
1279,0.097,,Cant Dog Imperial Pale Ale
1280,0.05,20.0,River House
1281,0.065,47.0,Pretzel Stout
1282,0.05,35.0,Rubberneck Red
1283,0.08,,The Imperial Texan
1284,0.08,,The Imperial Texan
1285,0.05,,Day Break 4-Grain Breakfast Beer
1286,0.05,,River House Saison
1287,0.065,,There Will Be Stout
1288,0.065,60.0,Our Legacy IPA
1289,0.042,,Saranac Shandy
1290,0.065,60.0,Our Legacy IPA
1291,0.051,,Saranac Golden Pilsener (2003)
1292,0.045,,Saranac Adirondack Light (2002)
1293,0.045,,DAX Light (1998)
1294,0.048,,Saranac Traditional Lager (2000)
1295,0.047,,Pomegranate Wheat (2008)
1296,0.05,12.0,Blueberry Blonde Ale
1297,0.06,,Saranac White IPA
1298,0.047,,Saranac Summer Ale (2011)
1299,0.055,,Saranac Pale Ale (12 oz.)
1300,0.055,,Saranac Pale Ale (16 oz.)
1301,0.051,20.0,Lahaina Town Brown
1302,0.055,,Pau Hana Pilsner
1303,0.05,,Lemongrass Saison
1304,0.07,,Aloha B’ak’tun
1305,0.082,,Liquid Breadfruit
1306,0.06,24.0,Sobrehumano Palena'ole
1307,0.05,12.0,La Perouse White
1308,0.068,68.0,Flyin' HI.P.Hay
1309,0.055,15.0,Mana Wheat
1310,0.045,18.0,Bikini Blonde Lager
1311,0.057,30.0,CoCoNut Porter
1312,0.062,65.0,Big Swell IPA
1313,0.037,34.0,Pit Stop Chocolate Porter
1314,0.037,21.0,Pace Setter Belgian Style Wit
1315,0.037,53.0,Back in the Saddle Rye Pale Ale
1316,0.069,,Bushwhacker Cider
1317,0.069,,Weim-R-Iner
1318,0.069,,Cherry Bomb
1319,0.072,75.0,Tsunami IPA
1320,0.072,75.0,Tsunami IPA
1321,0.042,22.0,Humpback Blonde Ale
1322,0.052,27.0,Hawaiian Crow Porter
1323,0.052,23.0,Volcano Red Ale
1324,0.054,42.0,Mauna Kea Pale Ale
1325,0.053,11.0,Shark Bait
1326,0.053,30.0,Gator Tail Brown Ale
1327,0.071,62.0,Miami Vice IPA
1328,0.053,16.0,Big Rod Coconut Ale
1329,0.056,,Mickey Finn's Amber Ale
1330,0.063,61.0,Pleasure Town
1331,0.063,61.0,Pleasure Town IPA
1332,0.048,12.0,Snowshoe White Ale
1333,0.05,24.0,Kodiak Brown Ale
1334,0.057,70.0,Sockeye Red IPA
1335,0.08,100.0,Habitus (2014)
1336,0.075,85.0,Solis
1337,0.06,24.0,Jucundus
1338,0.08,100.0,Habitus
1339,0.063,30.0,Grazias
1340,0.058,28.0,Claritas
1341,0.083,,Vinyl Frontier
1342,0.08,,Disco Superfly
1343,0.075,,Misty Mountain Hop
1344,0.075,,One-Hit Wonderful
1345,0.065,,En Parfaite Harmonie
1346,0.043,8.0,Daft Funk
1347,0.075,,Love In An Ellavator
1348,0.053,,Spin Doctor
1349,0.05,,Keeper (Current)
1350,0.068,,Better Half
1351,0.048,,SNO White Ale
1352,0.048,,BRIK Irish Red Ale
1353,,,AXL Pale Ale
1354,0.087,80.0,Hop Freak
1355,0.051,24.0,Louie's Demise Amber Ale
1356,0.075,51.0,Hop Happy
1357,0.065,20.0,Booyah Farmhouse Ale
1358,0.092,,O-Gii
1359,0.048,18.0,Flaming Damsel Lager (2010)
1360,0.051,24.0,Louie’s Demise Immort-Ale (2010)
1361,0.099,,Axe Head Malt Liquor
1362,0.054,,Huber Bock (2014)
1363,0.04,,Minhas Light (2012)
1364,0.05,,Huber
1365,0.062,,Clear Creek Ice
1366,0.062,,Clear Creek Ice
1367,0.055,,Mountain Crest
1368,0.055,,Mountain Crest
1369,0.055,,Mountain Creek (2013)
1370,0.05,,Boxer
1371,0.042,,Boxer Light
1372,0.055,,Boxer Ice
1373,0.05,,Boxer
1374,0.05,,Cortez Gold
1375,0.068,66.0,Mission IPA
1376,0.048,44.0,El Conquistador Extra Pale Ale
1377,0.092,75.0,Shipwrecked Double IPA
1378,0.04,,Squeaky Bike Nut Brown Ale
1379,0.04,,Dead Horse Amber
1380,0.04,,Rocket Bike American Lager
1381,0.04,,Johnny's American IPA
1382,0.055,,Boneshaker Brown Ale
1383,0.056,,Iron Mike Pale Ale
1384,0.042,,Monkadelic
1385,0.075,85.0,City of the Sun
1386,0.068,75.0,Booming Rollers
1387,0.052,50.0,Oneida
1388,0.067,75.0,Aurora 
1389,0.055,30.0,Lomaland
1390,0.047,46.0,Fortunate Islands
1391,0.058,40.0,Black House
1392,0.065,115.0,Blazing World
1393,0.05,,Wapiti Amber Ale
1394,0.054,,Sweet Georgia Brown
1395,0.087,,Rich Man's IIPA
1396,0.058,,Monkey Paw Oatmeal Pale Ale
1397,0.056,28.0,Montauk Summer Ale
1398,0.06,49.0,Driftwood Ale
1399,0.056,18.0,When Helles Freezes Over
1400,0.049,24.0,Morgan Street Oktoberfest
1401,0.047,14.0,Honey Wheat
1402,0.046,24.0,Black Bear Dark Lager
1403,0.05,35.0,Golden Pilsner
1404,0.052,21.0,Cali Creamin'
1405,0.05,,Second Wind Pale Ale
1406,0.05,,Sunny Haze
1407,0.052,21.0,Towhead
1408,0.07,70.0,Lil' Helper
1409,0.082,,Train Wreck
1410,0.085,,Full Moon Belgian White Ale
1411,0.072,,Desert Magic IPA
1412,0.042,,Up River Light
1413,0.085,,Full Moon Belgian White Ale (2007)
1414,0.055,,Dry Heat Hefeweizen (2006)
1415,0.05,,Mustang Sixty-Six
1416,0.04,,Mustang '33
1417,0.04,,Session '33 (2011)
1418,0.053,10.0,Mustang Golden Ale
1419,0.053,14.0,Washita Wheat
1420,0.037,10.0,Gansett Light
1421,0.052,30.0,Bohemian Pils
1422,0.053,30.0,Autocrat Coffee Milk Stout
1423,0.086,35.0,Narragansett Bohemian Pilsner
1424,0.042,24.0,Narragansett Summer Ale
1425,0.05,22.0,Narragansett Cream Ale
1426,0.042,24.0,Narragansett Summer Ale
1427,0.07,22.0,Narragansett Porter
1428,0.065,32.0,Narragansett Bock
1429,0.055,15.0,Narragansett Fest Lager
1430,0.053,,Undun Blonde Ale
1431,0.074,,CuDa Cascadian Dark Ale
1432,0.085,86.0,Old Grogham Imperial India Pale Ale
1433,0.085,86.0,Old Grogham Imperial India Pale Ale (2012)
1434,0.074,,CuDa Cascadian Dark Ale (2012)
1435,0.053,,Undun Blonde Ale (2012)
1436,0.061,11.0,Wick For Brains
1437,0.065,65.0,Nebraska India Pale Ale
1438,0.048,10.0,EOS Hefeweizen
1439,0.048,15.0,Brunette Nut Brown Ale
1440,0.057,29.0,Cardinal Pale Ale
1441,0.066,,County Line IPA
1442,0.048,,Trauger Pilsner
1443,0.045,40.0,Slow Ride
1444,0.065,70.0,Ranger IPA
1445,0.05,29.0,Shift
1446,0.056,21.0,1554 Black Lager
1447,0.048,,Blue Paddle
1448,0.055,,California Route
1449,0.052,,Snapshot
1450,0.048,,Sunshine Wheat Beer
1451,0.052,18.0,Fat Tire Amber Ale
1452,0.05,29.0,Shift (1)
1453,0.052,18.0,Fat Tire Amber Ale (2011)
1454,0.05,29.0,Shift
1455,0.065,70.0,Ranger IPA
1456,0.052,18.0,Fat Tire Amber Ale
1457,0.065,70.0,Ranger IPA (Current)
1458,0.048,,Sunshine Wheat Beer (2009)
1459,0.052,18.0,Fat Tire Amber Ale (2008)
1460,0.034,6.0,Weiss Trash Culture
1461,0.062,,Sea Hag IPA
1462,0.05,,Elm City Pilsner
1463,0.05,,Atlantic Amber Ale (2004)
1464,0.09,,668 Neighbor of the Beast12 oz.
1465,0.088,85.0,Gandhi-Bot Double IPA (12 oz.)
1466,0.09,,668 Neighbor of the Beast (16 oz.) (2010)
1467,0.088,85.0,Gandhi-Bot Double IPA (16 oz.) (2010)
1468,0.05,,Elm City Lager (2007)
1469,0.05,,Atlantic Amber Ale (2007)
1470,0.062,,Sea Hag IPA (Current)
1471,0.05,,Rebirth Pale Ale
1472,0.068,,Irish Channel Stout
1473,0.088,,MechaHopzilla
1474,0.065,,Hopitoulas IPA
1475,0.039,,NOLA Brown Ale
1476,0.049,,NOLA Blonde Ale
1477,0.056,20.0,Skylight
1478,0.056,30.0,Kadigan
1479,0.052,50.0,Dammit Jim!
1480,0.054,,Nut Brown Ale
1481,0.046,,White Ale
1482,0.042,35.0,Cream Ale
1483,0.072,,Green Head IPA
1484,0.054,,Plum Island Belgian White
1485,0.055,,Newburyport Pale Ale
1486,0.055,,Marblehead
1487,0.051,31.0,Jam Session
1488,0.072,80.0,Hop Drop 'N Roll IPA
1489,0.06,,Paleo IPA
1490,0.061,,Buck Snort Stout
1491,0.055,,Station 33 Firehouse Red
1492,0.045,,Slimy Pebble Pils
1493,0.045,50.0,Get Together
1494,0.049,26.0,Maggie's Leap
1495,0.048,19.0,Wall's End
1496,0.06,38.0,Pumpion
1497,0.06,25.0,Stronghold
1498,0.056,47.0,Parapet ESB
1499,0.069,,Blue Boots IPA
1500,0.063,,Hoppy Bitch IPA
1501,0.063,42.0,Three Skulls Ale Pale Ale
1502,0.045,,Walter's Premium Pilsener Beer
1503,0.045,,Floppin' Crappie
1504,0.043,,Left of the Dial IPA
1505,0.04,,Notch Session Pils
1506,0.055,,O'Fallon Pumpkin Beer
1507,0.061,66.0,5 Day IPA
1508,0.051,7.0,O'Fallon Wheach
1509,0.067,70.0,Watershed IPA
1510,0.054,24.0,Oakshire Amber Ale
1511,0.058,27.0,Overcast Espresso Stout
1512,0.067,70.0,Watershed IPA (2013)
1513,0.082,25.0,Lake Monster
1514,0.049,27.0,London Homesick Ale
1515,0.048,35.0,Luchesa Lager
1516,0.048,35.0,Slow Ride
1517,0.047,,Occidental Hefeweizen
1518,0.051,,Occidental Dunkel
1519,0.05,,Occidental Altbier
1520,0.045,,Occidental Kölsch
1521,0.092,72.0,Perpetual Darkness
1522,0.087,29.0,Clan Warrior
1523,0.054,36.0,Psycho Penguin Vanilla Porter
1524,0.047,,Heliocentric Hefeweizen
1525,0.051,,Ghose Drifter Pale Ale
1526,0.051,,Ghost Rider Pale Ale (2013)
1527,0.047,,Helios Hefeweizen (2013)
1528,0.095,19.0,The Hole in Hadrian's Wall
1529,0.065,26.0,33 Select Brown Ale
1530,0.06,29.0,Midwest Charm Farmhouse Ale
1531,0.05,45.0,Boji Blue Pale Ale
1532,0.057,26.0,Winter Games Select #32 Stout
1533,0.05,23.0,Boji Beach Golden Rye Ale
1534,0.06,,Hopsmith Pale Lager
1535,0.065,65.0,Falling Down Brown Ale
1536,0.068,,Resolution Rye Stout
1537,0.055,,Plowshare Porter
1538,0.046,20.0,Old Forge Pumpkin Ale
1539,0.045,,Endless Sun Ale
1540,0.065,,Celestial Blonde Ale
1541,0.075,,Overbite IPA
1542,0.055,,T-Rail Pale Ale
1543,0.048,,Endless Summer Ale (2011)
1544,0.053,,Clem's Gold
1545,0.055,,Lizzy's Red
1546,0.067,,Orlison India Pale Lager
1547,0.042,,Brünette
1548,0.041,,Havanüther
1549,0.065,,Lyric Ale
1550,0.053,,Atalanta
1551,0.049,35.0,Pinner Throwback IPA
1552,0.052,,Centennial State Pale Ale
1553,0.08,,Old Chub NITRO
1554,,,The CROWLER™
1555,,,CAN'D AID Foundation
1556,,,Icey.P.A.
1557,0.05,,One Nut Brown
1558,,,Birth IPA
1559,0.065,65.0,Dale's Pale Ale
1560,0.065,65.0,Dale's Pale Ale
1561,0.053,35.0,Mama's Little Yella Pils
1562,0.085,,oSKAr the G'Rauch
1563,0.085,,oSKAr the G'Rauch
1564,0.065,65.0,Dale's Pale Ale
1565,0.07,,The Deuce
1566,0.065,65.0,Dale's Pale Ale (10 Year Anniversary)
1567,0.065,65.0,Dale's Pale Ale (2012)
1568,0.087,85.0,Gordon Imperial Red (2010)
1569,0.065,65.0,Dale's Pale Ale (2011)
1570,0.065,65.0,Dale's Pale Ale (2010)
1571,0.087,85.0,G'KNIGHT (16 oz.)
1572,0.09,,15th Anniversary Abbey Ale (2012)
1573,0.08,,Chaka
1574,0.08,70.0,HGH (Home Grown Hops): Part Duh
1575,0.08,,Deviant Dale's IPA
1576,0.09,60.0,One Hit Wonder
1577,0.087,85.0,G'KNIGHT (12 oz.)
1578,0.099,98.0,Ten Fidy Imperial Stout
1579,0.053,35.0,Mama's Little Yella Pils
1580,0.099,100.0,GUBNA Imperial IPA
1581,0.08,35.0,Old Chub
1582,0.087,85.0,Gordon Ale (2009)
1583,0.065,65.0,Dale's Pale Ale
1584,0.092,85.0,Gordon (2005)
1585,0.095,98.0,Ten Fidy Imperial Stout (2008)
1586,0.099,98.0,Ten Fidy Imperial Stout (2007)
1587,0.08,35.0,Old Chub (2008)
1588,0.08,35.0,Old Chub (2004)
1589,0.08,35.0,Old Chub (2003)
1590,0.065,65.0,Dale's Pale Ale (2008)
1591,0.065,65.0,Dale's Pale Ale (2006)
1592,0.065,65.0,Dale's Pale Ale (2004)
1593,0.065,65.0,Dale's Pale Ale (2003)
1594,0.065,65.0,Dale's Pale Ale (2002)
1595,0.052,,Leroy (2005)
1596,0.087,60.0,Gordon Beer (2006)
1597,0.087,85.0,G'KNIGHT
1598,0.099,98.0,Ten Fidy
1599,0.08,85.0,Deviant Dale's IPA
1600,0.08,35.0,Old Chub
1601,0.065,65.0,Dale's Pale Ale
1602,0.065,65.0,Dale's Pale Ale
1603,0.055,45.0,Fresh Slice White IPA
1604,0.055,55.0,Overgrown American Pale Ale
1605,0.04,39.0,Ozark American Pale Ale
1606,0.048,,Hula Hoppie Session IPA
1607,0.053,,Dirty Hippie Dark Wheat
1608,0.052,23.0,Rustic Red
1609,0.053,48.0,Stimulator Pale Ale
1610,0.045,22.0,Old Town Ale
1611,0.044,28.0,Car 21
1612,0.05,24.0,Cache La Porter
1613,0.042,35.0,Rodeo Rye Pale Ale
1614,0.062,65.0,Outlaw IPA
1615,0.044,,North Fork Lager
1616,0.048,35.0,Payette Pale Ale
1617,0.055,25.0,Mutton Buster
1618,0.05,,Side Kick Kölsch
1619,0.046,,Fresh Cut Pilsner
1620,0.05,61.0,Summer Session Ale
1621,0.04,12.0,Lobo Lito
1622,0.05,17.0,Robert Earl Keen Honey Pils
1623,0.065,77.0,Mound Builder IPA
1624,0.062,62.0,Amazon Princess IPA
1625,0.042,,Farmer's Daughter Wheat
1626,0.045,,People's Pilsner
1627,0.055,10.0,Hotbox Brown
1628,0.048,15.0,Gold
1629,0.058,,Black
1630,0.065,65.0,98 Problems (Cuz A Hop Ain't One)
1631,0.05,40.0,Veteran’s Pale Ale (VPA)
1632,0.05,35.0,Grapefruit IPA
1633,0.051,,Pete's ESP Lager (1998)
1634,0.047,,Pete's Wicked Summer Brew (1995)
1635,0.049,,Pete's Wicked Bohemian Pilsner (1997)
1636,,,Pete's Wicked Pale Ale (1997)
1637,0.047,,Pete's Wicked Summer Brew (2002)
1638,0.047,,Pete's Wicked Summer Brew (1997)
1639,0.047,,Pete's Wicked Summer Brew (1996)
1640,0.041,12.0,Sparkle
1641,0.059,25.0,North 45 Amber Ale
1642,0.069,20.0,Horny Monk
1643,0.067,74.0,Mind's Eye PA
1644,0.061,60.0,Camelback
1645,0.056,,Local 5 Pale Ale
1646,0.073,,Devils Head Red Ale
1647,0.07,75.0,Elephant Rock IPA
1648,0.05,,Black Bay Milk Stout
1649,0.05,,Atom Splitter Pale Ale
1650,0.06,20.0,Hot Date Ale
1651,0.07,,Masked Bandit IPA
1652,0.06,24.0,Sweet Potato Ale
1653,0.045,18.0,Float Trip Ale
1654,0.055,25.0,Old Tom Porter
1655,0.045,18.0,Black Walnut Wheat
1656,0.055,20.0,McKinney Eddy Amber Ale
1657,0.07,70.0,Missouri Mule India Pale Ale
1658,0.065,,Blood of the Unicorn
1659,0.069,51.0,GreyBeard™ IPA
1660,0.057,31.0,Pisgah Pale Ale
1661,0.045,,PONTO S.I.P.A.
1662,0.049,,Chronic Ale
1663,0.068,,Swami's India Pale Ale
1664,0.05,,New Cleveland Palesner
1665,0.054,45.0,Mazzie
1666,0.099,,Big Chuck Barleywine
1667,,,Ponderosa IPA
1668,,,Liquid Amber Ale
1669,0.059,14.0,Morning Wood Wheat (Current)
1670,0.069,17.0,Hideout Helles
1671,0.06,15.0,Dead Eye Dunkel
1672,0.058,21.0,Peacemaker Pilsner
1673,0.057,68.0,Over the Rail Pale Ale
1674,0.058,21.0,Pallavicini Pilsner (2009)
1675,0.059,14.0,Morning Wood Wheat (Current)
1676,0.052,18.0,Pyramid Hefeweizen (2011)
1677,0.052,18.0,Haywire Hefeweizen (2010)
1678,0.045,35.0,Golden Fleece
1679,0.055,30.0,Smoking Mirror
1680,0.046,,Rahr's Blonde
1681,0.058,60.0,Pride of Texas Pale Ale
1682,0.044,5.0,18th Anniversary Gose
1683,0.046,25.0,White (2015)
1684,0.099,85.0,BLAKKR
1685,0.051,21.0,Firemans #4 Blonde Ale (2013)
1686,0.059,,The Sword Iron Swan Ale
1687,0.053,52.0,Hans' Pils (2015)
1688,0.06,50.0,Four Squared (2015)
1689,0.051,21.0,Firemans #4 Blonde Ale (2015)
1690,0.072,55.0,Watership Brown Ale
1691,0.062,55.0,Gangway IPA
1692,0.049,,Long Day Lager
1693,0.051,17.0,Farmer's Daughter Blonde
1694,0.055,45.0,Pump House IPA
1695,0.07,,Suicide Blonde IPA
1696,0.047,25.0,Vanilla Porter
1697,0.058,18.0,Honey Rye
1698,0.055,,Happy Cider
1699,0.065,44.0,Long Hammer IPA
1700,0.065,44.0,Long Hammer IPA
1701,0.058,27.0,Copper Hook (2011)
1702,0.08,,Nectar of the Hops
1703,0.08,,Sunshine Nectar
1704,0.08,,Black Raspberry Nectar
1705,0.05,16.0,Blood Orange Wit
1706,0.05,40.0,Consilium
1707,0.09,60.0,Hammer & Sickle
1708,0.07,100.0,Redacted Rye IPA
1709,0.099,100.0,Elevation Triple India Pale Ale
1710,0.05,25.0,5:00 O'Clock Afternoon Ale
1711,0.07,100.0,Ryeteous Rye IPA (2012)
1712,0.064,,Stout Ol' Friend
1713,0.064,,Stout Ol' Friend (2012)
1714,,,Rye Porter
1715,0.05,,Miner's Gold
1716,0.046,,Vienna Lager
1717,0.056,,Jessie's Garage
1718,0.062,,Colorado Red Ale
1719,,,Miner's Gold
1720,0.055,40.0,Fist City
1721,0.068,,A Little Crazy
1722,0.058,15.0,Rosa Hibiscus Ale
1723,0.061,31.0,Fistmas Ale
1724,0.057,25.0,Oktoberfest Revolution
1725,0.068,28.0,Eugene Porter
1726,0.065,70.0,Anti-Hero IPA
1727,0.05,14.0,Bottom Up Belgian Wit
1728,0.057,42.0,Hustle
1729,0.055,42.0,Pure Fury
1730,0.06,60.0,Dad
1731,0.058,35.0,Panther
1732,0.052,21.0,Franz
1733,0.043,45.0,Zen
1734,0.072,75.0,Truth
1735,0.048,25.0,Cougar
1736,0.038,,Smooth Operator
1737,0.035,,Gose
1738,0.043,,Maine Island Trail Ale
1739,0.05,,River North White Ale
1740,0.05,,River North Ale
1741,0.05,55.0,Lil SIPA
1742,0.055,60.0,Hop Bomber Rye Pale Ale
1743,0.05,100.0,Jah Mon
1744,0.062,,Oktoberfest
1745,0.08,,Headless Wylie
1746,0.05,,Dayman IPA
1747,0.071,,All Aboard! Anniversary Stout
1748,0.062,,Hop Lace
1749,0.048,,OH-PA Session Pale Ale
1750,0.08,,Patrick's Poison
1751,0.081,,Rudolph's Red
1752,0.053,,Babbling Blonde
1753,0.051,,Maxwell's Scottish Ale
1754,0.061,,Grateful White
1755,0.055,,RT Lager
1756,0.062,,Old Wylie's IPA
1757,0.048,,Hala Kahiki Pineapple Beer
1758,0.045,,Track 1 Amber Lager
1759,0.053,,Pine Knob Pilsner
1760,,,Cal and Co. Black Cherry Porter
1761,0.055,,Lazy Daze Lager
1762,0.059,,Rochester Red Ale
1763,0.05,,Milkshake Stout
1764,0.07,,Cornerstone IPA
1765,0.055,,Lazy Daze Lager
1766,0.051,,Rogue American Amber Ale
1767,0.076,78.0,12th Round
1768,0.07,80.0,RoughTail IPA
1769,0.08,,Polar Night Stout
1770,0.071,36.0,Sundown
1771,0.099,,Sanctified
1772,0.051,,Fear of a Brett Planet
1773,0.056,40.0,Original Slacker Ale
1774,0.072,,Alpha Blackback
1775,0.063,,Kiss Off IPA
1776,0.045,28.0,Dog Days Summer Ale
1777,0.056,35.0,1881 California Red
1778,0.073,55.0,CAPT Black IPA
1779,0.048,42.0,Ruhstaller's Gilt Edge Lager Beer
1780,0.073,55.0,CAPT Black IPA
1781,0.056,35.0,1881 California Red Ale
1782,0.05,15.0,Saint Archer White Ale
1783,0.068,66.0,Saint Archer IPA
1784,0.052,40.0,Saint Archer Pale Ale
1785,0.048,22.0,Saint Archer Blonde
1786,0.069,20.0,Sex Panther
1787,0.095,25.0,Winter Warmer (Vault Series)
1788,0.091,99.0,Count Hopula (Vault Series)
1789,0.055,,Oktoberfest
1790,0.05,15.0,SunSpot Golden Ale
1791,0.06,,I.W.A. (2011)
1792,0.065,,Supermonk I.P.A.
1793,0.055,20.0,Epicenter Amber Ale
1794,0.05,15.0,SanTan HefeWeizen
1795,0.07,85.0,Hop Shock IPA
1796,0.069,20.0,Sex Panther (2014)
1797,0.055,45.0,Devil’s Ale
1798,0.081,,Rail Slide Imperial Spiced Ale
1799,0.05,20.0,Mr. Pineapple
1800,0.055,45.0,American Idiot Ale (2012)
1801,0.07,85.0,Hop Shock IPA (2010)
1802,0.05,15.0,SanTan HefeWeizen (2010)
1803,0.055,45.0,Devil’s Ale (2010)
1804,0.055,20.0,Epicenter Amber Ale (2010)
1805,0.058,20.0,Sanitas Saison Ale
1806,0.068,65.0,Sanitas Black IPA
1807,0.089,88.0,Giant DIPA
1808,0.054,,Dread Brown Ale
1809,0.07,,Casinos IPA
1810,0.055,30.0,Saison 88
1811,0.071,95.0,Black IPA
1812,0.045,,Santa Fe Irish Red Ale
1813,,,Santa Fe Oktoberfest
1814,0.08,,Imperial Java Stout
1815,0.055,,Freestyle Pilsner
1816,0.066,,Happy Camper IPA
1817,0.05,11.0,Oval Beach Blonde Ale
1818,0.065,,Oak Aged Cider
1819,0.065,,Ginger Cider
1820,0.065,,Schilling Hard Cider
1821,0.05,45.0,Schlafly Yakima Wheat Ale
1822,0.05,,Schlafly Black Lager
1823,0.045,30.0,Schlafly IPA
1824,0.05,30.0,Schlafly American Brown Ale
1825,0.041,16.0,Schlafly Hefeweizen
1826,0.045,17.0,Schlafly Summer Lager
1827,0.047,,Sea Dog Wild Blueberry Wheat Ale
1828,0.074,60.0,Blur India Pale Ale
1829,0.065,,Dry Cider
1830,0.065,,Dry Hard Cider
1831,0.07,105.0,Frankenlou's IPA
1832,0.07,55.0,Becky's Black Cat Porter
1833,0.077,40.0,Seventh Son of a Seventh Son
1834,0.053,20.0,Stone Fort Brown Ale
1835,0.077,40.0,Seventh Son Hopped Red Ale
1836,0.06,53.0,Humulus Nimbus Super Pale Ale
1837,0.07,68.0,Golden Ratio IPA
1838,0.068,,Black Hop IPA
1839,0.05,,Archer's Ale (2004)
1840,0.069,65.0,Monkey Fist IPA
1841,0.051,,Shipyard Summer Ale
1842,0.047,,Pumpkinhead Ale
1843,0.051,,Shipyard Export
1844,0.052,,Nooner
1845,0.072,65.0,Torpedo
1846,0.06,,Yonder Bock
1847,0.06,,CANfusion Rye Bock
1848,0.056,37.0,Sierra Nevada Pale Ale
1849,0.048,26.0,Old Chico Crystal Wheat
1850,0.05,28.0,Summerfest
1851,0.072,65.0,Torpedo
1852,0.056,37.0,Sierra Nevada Pale Ale
1853,0.069,,Sietsema Red Label
1854,0.042,,Bear Ass Brown
1855,0.06,,Red Mountain Ale
1856,0.068,,Ice Pick Ale
1857,0.1,52.0,4Beans
1858,0.042,16.0,Jammer
1859,0.08,,Abigale
1860,0.032,7.0,Rad
1861,0.065,62.0,Bengali
1862,0.047,50.0,Sensi Harvest
1863,0.099,111.0,Hi-Res
1864,0.07,70.0,Global Warmer
1865,0.067,74.0,Autumnation (2013)
1866,0.054,42.0,The Crisp
1867,0.052,34.0,Sweet Action
1868,0.063,57.0,Righteous Ale
1869,0.064,62.0,Bengali Tiger
1870,0.099,85.0,3Beans
1871,0.059,47.0,Brownstone
1872,0.052,11.0,Apollo
1873,0.049,35.0,Harbinger
1874,0.091,103.0,Resin
1875,0.063,69.0,Diesel
1876,0.06,48.0,Autumnation (2011-12) (2011)
1877,0.054,42.0,The Crisp (2011)
1878,0.052,34.0,Sweet Action (2011)
1879,0.063,57.0,Righteous Ale (2011)
1880,0.064,62.0,Bengali Tiger (2011)
1881,0.045,,Rudie Session IPA
1882,0.074,,Taster's Choice
1883,0.068,65.0,Modus Hoperandi
1884,0.058,15.0,Estival Cream Stout
1885,0.058,,Vernal Minthe Stout
1886,0.08,,Hibernal Vinifera Stout
1887,,,Autumnal Molé Stout
1888,0.042,18.0,Mexican Logger
1889,0.053,,True Blonde Ale
1890,0.061,,Euphoria Pale Ale
1891,0.057,58.0,ESB Special Ale
1892,0.068,65.0,Modus Hoperandi
1893,0.058,39.0,Iron Butt Red Ale
1894,0.071,92.0,Initial Point India Pale Ale
1895,0.085,,Monkey Dancing On A Razor Blade
1896,0.082,,Tripel Deke
1897,0.049,,Urban Wilderness Pale Ale
1898,0.06,70.0,Homefront IPA
1899,0.055,16.0,Sly Fox Christmas Ale 2013
1900,0.056,25.0,Grisette
1901,0.062,,360° India Pale Ale
1902,0.049,18.0,Helles Golden Lager
1903,0.055,16.0,Sly Fox Christmas Ale 2012 (2012)
1904,0.084,90.0,Odyssey Imperial IPA
1905,0.058,25.0,Oktoberfest Lager
1906,0.07,113.0,113 IPA
1907,0.053,21.0,Dunkel Lager
1908,0.056,11.0,Royal Weisse Ale
1909,0.049,44.0,Pikeland Pils
1910,0.051,40.0,Phoenix Pale Ale
1911,0.07,88.0,Rule G IPA
1912,0.058,35.0,Murphy's Law
1913,0.062,33.0,Alter Ego 
1914,0.05,,Monarch Pilsner
1915,0.06,55.0,Snow King Pale Ale
1916,0.054,36.0,Zonker Stout
1917,0.05,22.0,OB-1 Organic Ale
1918,0.05,18.0,Snake River Lager
1919,0.052,32.0,Snake River Pale Ale
1920,0.068,60.0,Pako’s EyePA
1921,0.05,,Thanksgiving Ale
1922,0.092,,Double Dagger Imperial IPA
1923,0.063,100.0,Dagger Falls IPA
1924,0.063,100.0,Dagger Falls IPA
1925,0.06,,Socktoberfest
1926,0.079,,Hopnoxious Imperial IPA
1927,0.099,,Barrel Aged Seven Devils Imperial Stout
1928,0.055,,Boise Co-Op Two Score Ale
1929,0.05,,Sockeye Belgian Style Summer Ale
1930,0.064,,Sockeye Maibock
1931,0.099,100.0,Old Devil's Tooth
1932,0.043,,Galena Golden
1933,0.052,32.0,Hell-Diver Pale Ale
1934,0.046,12.0,Woolybugger Wheat
1935,0.057,,Power House Porter
1936,0.084,90.0,Winterfest
1937,0.063,100.0,Dagger Falls IPA
1938,0.07,18.0,LuckenBock
1939,0.055,40.0,Texas Pale Ale (TPA)
1940,0.08,,6 String Saison
1941,0.05,22.0,Kol' Beer
1942,0.035,,Montauk Light
1943,0.048,32.0,Na Zdraví Pilsner
1944,0.055,65.0,Nice Rack IPA
1945,0.075,72.0,2014 IPA Cicada Series
1946,0.077,65.0,Sinister Minister Black IPA
1947,0.053,45.0,Jack the Sipper
1948,0.058,60.0,Devil's Harvest Extra Pale Ale
1949,0.05,20.0,Suzy B Dirty Blonde Ale
1950,0.08,80.0,Mississippi Fire Ant
1951,0.058,40.0,Hipster Breakfast
1952,0.05,20.0,Suzy B Dirty Blonde Ale
1953,0.058,60.0,Devil's Harvest Extra Pale Ale
1954,0.065,45.0,Pine Belt Pale Ale
1955,0.055,,Walloon
1956,0.069,23.0,Le Mort Vivant
1957,0.085,110.0,Red Cockaded Ale
1958,0.092,100.0,Valkyrie Double IPA
1959,0.085,110.0,Red Cockaded Ale (2013)
1960,0.072,40.0,Old Potentate
1961,0.05,20.0,Bombshell Blonde
1962,0.099,100.0,PRO-AM (2012) (2012)
1963,0.055,,Walloon (2014)
1964,0.069,23.0,Le Mort Vivant (2011)
1965,0.083,50.0,Buried Hatchet Stout
1966,0.065,45.0,Pine Belt Pale Ale
1967,0.05,20.0,Bombshell Blonde
1968,0.047,35.0,Baby Daddy Session IPA
1969,,,Hopluia (2004)
1970,0.058,,Ball & Chain (2014)
1971,0.096,,Bitter Biker Double IPA
1972,0.082,,God Damn Pigeon Porter
1973,0.079,,Working for the Weekend
1974,0.06,,Angry Adam
1975,0.055,,Freedom Fries
1976,0.096,,Bitter Biker Double IPA
1977,0.073,,Ghost Bike Pale Ale
1978,0.062,,Spiteful IPA
1979,0.06,,Alley Time
1980,0.058,,Fat Badger
1981,0.055,,In the Weeds
1982,0.05,22.0,Special Amber
1983,0.05,22.0,Special Amber
1984,0.056,,Seven Gates Pale Ale
1985,0.052,,Gunga Din
1986,0.042,20.0,Starr Pils
1987,0.065,52.0,Northern Lights India Pale Ale
1988,0.048,12.0,Festie
1989,0.065,52.0,Northern Lights India Pale Ale
1990,0.065,65.0,Third Eye Enlightened Pale Ale
1991,0.049,17.0,Colorado Kölsch
1992,0.057,25.0,Steam Engine Lager
1993,0.065,65.0,Third Eye Pale Ale
1994,0.047,9.0,Point Special (Current)
1995,0.047,9.0,Point Special
1996,0.054,33.0,Point Cascade Pale Ale (2013)
1997,0.047,9.0,Point Special
1998,0.052,9.0,Onyx Black Ale
1999,0.063,64.0,Beyond The Pale IPA
2000,0.047,9.0,Point Special (2013)
2001,0.047,9.0,Point Special (2012)
2002,0.047,9.0,Point Special Lager
2003,0.062,,St. Benedict's Winter Ale
2004,0.057,15.0,Point Oktoberfest
2005,0.052,7.0,Point Nude Beach Summer Wheat
2006,0.05,7.0,Point Nude Beach Summer Wheat
2007,0.05,7.0,Point Nude Beach Summer Wheat (2011)
2008,0.035,,Drop Dead Blonde
2009,0.049,13.0,Three Kings Ale
2010,0.057,15.0,Point Oktoberfest
2011,0.054,32.0,2012 Black Ale
2012,0.05,7.0,Point Nude Beach Summer Wheat (2010)
2013,0.054,33.0,Point Cascade Pale Ale
2014,0.047,14.0,Point Amber Classic
2015,0.047,9.0,Point Special Lager
2016,0.051,31.0,Wisco Disco
2017,0.05,,Brontide
2018,0.05,,Brontide
2019,0.045,,Classique
2020,0.045,,Sunsplash Golden Ale (2004)
2021,0.051,25.0,Sand Island Lighthouse
2022,0.05,30.0,Lily Flagg Milk Stout
2023,0.072,70.0,Monkeynaut IPA
2024,0.05,,Straub Beer (Current)
2025,0.041,8.0,American Lager
2026,0.041,8.0,American Amber
2027,0.032,13.0,American Light
2028,0.053,49.0,Extra Pale Ale
2029,0.053,40.0,Make It So
2030,0.047,55.0,Hopvale Organic Ale
2031,0.083,100.0,Unchained #18 Hop Silo
2032,0.052,29.0,Tip Off
2033,0.054,,Java Mac
2034,0.054,23.0,Cowbell
2035,0.058,20.0,Hop Up Offa That Brett (2014)
2036,0.083,23.0,PV Muckle (2013)
2037,0.099,36.0,Bourbon Barrel Batch 666: Sympathy for the Devil
2038,0.09,30.0,Whip Fight
2039,0.053,23.0,Port Barrel Wee Mac 
2040,0.064,75.0,Fistful Of Hops Red
2041,0.063,75.0,Fistful of Hops Orange
2042,0.064,75.0,Fistful Of Hops Blue
2043,0.064,75.0,Fistful of Hops Green
2044,,,30 Min Coma
2045,0.09,30.0,Wee Muckle
2046,0.065,55.0,Royal Brat
2047,0.075,77.0,Grapefruit Jungle (GFJ)
2048,0.056,50.0,Osiris Pale Ale
2049,0.099,75.0,Bourbon Barrel Aged Timmie
2050,0.063,23.0,Stupid Sexy Flanders
2051,,,Bourbon Barrel Cowbell
2052,0.054,,Popcorn Pilsner
2053,0.071,27.0,Ring of Dingle
2054,0.054,23.0,Bourbon Barrel Wee Mac
2055,0.099,60.0,Bourbon Barrel Johan
2056,0.07,,The Deuce
2057,0.09,24.0,The Velvet Fog
2058,0.055,23.0,Sun King Oktoberfest
2059,0.052,24.0,Indianapolis Indians Lager
2060,0.052,24.0,Indians Victory Lager (2012)
2061,0.08,,Chaka
2062,0.091,91.0,Isis
2063,0.09,30.0,Wee Muckle (2011)
2064,0.075,77.0,Grapefruit Jungle (GFJ) (2011)
2065,0.055,23.0,Sun King Oktoberfest (2011)
2066,0.099,60.0,Johan the Barleywine
2067,0.054,23.0,Wee Mac Scottish-Style Ale
2068,0.053,20.0,Sunlight Cream Ale
2069,0.056,50.0,Osiris Pale Ale (2010)
2070,0.045,,Dam Lager
2071,0.07,,Red Clay IPA
2072,0.072,,Todd the Axe Man
2073,0.057,,Doomtree
2074,0.099,85.0,BLAKKR
2075,0.073,69.0,Overrated! West Coast Style IPA
2076,0.075,90.0,WET
2077,0.04,37.0,Bitter Brewer
2078,0.055,34.0,SurlyFest
2079,0.051,45.0,Coffee Bender
2080,0.051,45.0,Bender
2081,0.097,120.0,Abrasive Ale
2082,0.051,20.0,Hell
2083,0.067,33.0,CynicAle
2084,0.062,99.0,Furious
2085,0.073,50.0,Big Nose
2086,0.05,10.0,Cotton Mouth
2087,0.056,35.0,Stump Knocker Pale Ale
2088,0.05,38.0,Midnight Oil
2089,0.059,18.0,Wild Night
2090,0.045,,Bermuda Triangle Ginger Beer
2091,0.055,35.0,Take Two Pils
2092,0.057,,Waterkeeper
2093,0.064,,SweetWater IPA
2094,0.054,,420 Extra Pale Ale
2095,0.08,95.0,Dodgy Knight Imperial IPA
2096,0.05,,TailGate Saison
2097,0.05,44.0,TailGate IPA
2098,0.05,44.0,TailGate IPA
2099,0.049,28.0,TailGate Hefeweizen
2100,0.05,19.0,Blacktop Blonde
2101,0.05,19.0,Blacktop Blonde
2102,0.049,28.0,TailGate Hefeweizen
2103,0.085,34.0,Wooden Rooster
2104,0.048,20.0,Ginger Peach Saison
2105,0.062,35.0,Zombie Monkie
2106,0.056,20.0,Wild Plum Farmhouse Ale
2107,0.05,20.0,Vanilla Bean Buffalo Sweat
2108,0.068,110.0,Ethos IPA
2109,0.044,12.0,Tallgrass Pub Ale
2110,0.072,93.0,Oasis
2111,0.05,20.0,Buffalo Sweat
2112,0.05,20.0,Halcyon Unfiltered Wheat
2113,0.052,,8-Bit Pale Ale
2114,0.085,,Velvet Rooster
2115,0.05,20.0,Halcyon Unfiltered Wheat
2116,0.05,16.0,Köld Lager (2010)
2117,0.072,93.0,Oasis (2010)
2118,0.044,22.0,Tallgrass Ale
2119,0.05,20.0,Buffalo Sweat (2010)
2120,0.063,60.0,Tallgrass IPA
2121,0.068,,Hat Trick Hop IPA
2122,0.056,,Yard Sale Amber Ale
2123,0.055,,Loafin Bräu
2124,0.07,80.0,Old Elephant Foot IPA
2125,0.065,35.0,Peck's Porter
2126,0.07,,Reactor
2127,0.057,,Mr. Orange
2128,0.08,22.0,Deduction
2129,0.057,,Face Down Brown Ale
2130,0.064,,Tempter IPA
2131,0.055,,Bridal Veil Rye Pale Ale
2132,0.048,,Smittytown
2133,0.04,,Greenwood Beach
2134,0.066,,Gatecrasher
2135,0.047,42.0,RecreationAle
2136,0.055,35.0,First Stand
2137,0.063,23.0,Battle LIne
2138,0.056,12.0,Broken Bridge
2139,0.071,69.0,Brutus
2140,0.06,,Petit Mutant
2141,0.096,,The Crusher
2142,0.08,,Beelzebub
2143,0.07,,Focal Banger
2144,0.08,120.0,Heady Topper
2145,0.08,120.0,Heady Topper
2146,0.046,20.0,Bomber Mountain Amber Ale (2013)
2147,0.07,75.0,Indian Paintbrush IPA
2148,0.048,16.0,Saddle Bronc Brown Ale (2013)
2149,0.059,15.0,Wagon Box Wheat Beer
2150,0.05,,Birdhouse Pale Ale
2151,0.073,,Ozzy
2152,0.07,,Resurrection
2153,0.052,16.0,Bronx Summer Pale Ale
2154,0.057,46.0,Bronx Black Pale Ale
2155,0.063,50.0,Bronx Pale Ale
2156,0.052,35.0,Surfrider
2157,0.055,,Kolschtal Eddy
2158,0.05,,South Bay Session IPA
2159,0.069,34.0,Grandma's Pecan
2160,0.099,101.0,Double Trunk
2161,0.046,45.0,Just IPA
2162,0.045,,Lionshead
2163,,,Manhattan Gold Lager (1990)
2164,0.052,,G. B. Russo’s Italian Pistachio Pale Ale
2165,0.058,,Northern Hawk Owl Amber
2166,0.059,,CEO Stout
2167,0.047,,Will Power Pale Ale
2168,0.044,,Curious Traveler Shandy
2169,0.048,18.0,Hunny Do Wheat
2170,0.052,,Three Way Pale Ale
2171,0.041,,Rise to the Top
2172,0.049,,Lost Trout Brown Ale
2173,0.051,11.0,Watermelon Ale
2174,0.04,18.0,Knotty Blonde Ale
2175,0.062,40.0,Fivepine Chocolate Porter
2176,0.062,82.0,Hoodoo Voodoo IPA
2177,0.053,22.0,Hydraulion Red
2178,0.06,50.0,40 Mile IPA
2179,0.055,64.0,Citra Faced
2180,0.055,31.0,Pole Barn Stout
2181,0.054,37.0,Pale
2182,0.053,27.0,Yoshi's Nectar
2183,0.052,,Leatherhead Red
2184,0.065,,Cropduster Mid-American IPA
2185,0.075,,Golden Frau Honey Wheat
2186,,,Cornstalker Dark Wheat
2187,0.058,20.0,Cafe Leche
2188,0.052,12.0,Damascene Apricot Sour
2189,0.12,90.0,Csar
2190,0.055,,Klingon Warnog Roggen Dunkel
2191,0.085,115.0,Overlord Imperial IPA
2192,0.058,36.0,Alloy
2193,0.051,22.0,Rivet Irish Red Ale
2194,0.052,50.0,3 Gear Robust Porter
2195,0.045,35.0,Circuit Bohemian Pilsner
2196,0.055,,Turnrow Harvest Ale
2197,0.07,60.0,Juke Joint IPA
2198,0.07,35.0,Parade Ground Coffee Porter
2199,0.05,21.0,Tin Roof Watermelon Wheat
2200,0.045,18.0,Tin Roof Blonde Ale
2201,0.055,37.0,Voodoo Bengal Pale Ale
2202,0.045,28.0,Perfect Tin Amber
2203,0.073,87.0,IPA & a Half
2204,0.055,33.0,Ornery Amber Lager (2003)
2205,0.05,,Big Island Shandy
2206,0.068,,Preservation IPA
2207,0.062,72.0,Almanac IPA
2208,0.065,,Milk Mustachio Stout
2209,0.06,30.0,Farmer's Tan Red Ale
2210,0.057,,Triangle India Pale Ale
2211,0.05,,Triangle White Ale
2212,0.08,,Triangle Belgian Golden Ale
2213,0.082,,Troegenator
2214,0.075,93.0,Nugget Nectar
2215,0.045,45.0,Sunshine Pils
2216,0.082,25.0,Troegenator Doublebock
2217,0.075,85.0,Perpetual IPA
2218,0.055,52.0,Greenville Pale Ale
2219,0.062,65.0,Hoppy Boy
2220,0.054,26.0,Cow Creek
2221,0.075,63.0,Chupahopra
2222,0.051,19.0,Twisted X
2223,0.041,41.0,Day Hike Session
2224,0.048,48.0,Trailhead ISA
2225,0.052,27.0,Immersion Amber
2226,0.062,70.0,Evo IPA
2227,0.048,,Presidential Pils
2228,0.062,70.0,Evolutionary IPA (2012)
2229,0.057,36.0,Persnickety Pale
2230,0.054,20.0,SoDo Brown Ale
2231,0.052,27.0,Immersion Amber Ale (2011)
2232,0.062,70.0,Evolutionary IPA (2011)
2233,0.048,48.0,Trailhead India Style Session Ale (2011)
2234,0.046,,Panorama Wheat Ale
2235,0.063,69.0,Wobble
2236,0.058,43.0,Night Cat
2237,0.058,43.0,Night Cat (2014)
2238,0.051,17.0,Dog Days Lager
2239,0.051,36.0,Sidekick Extra Pale Ale
2240,0.077,23.0,Atom Smasher
2241,0.045,,Testudo
2242,0.065,,Hobnob B & B Pale Ale
2243,0.07,68.0,Cane and Ebel
2244,0.065,,Outlaw IPA (2015)
2245,0.045,,The Gilded Age
2246,0.05,,No Limits Hefeweizen
2247,0.06,,Honeyspot Road White IPA
2248,0.072,,Road 2 Ruin Double IPA
2249,0.048,,Workers Comp Saison
2250,0.05,,Ol' Factory Pils
2251,0.05,10.0,PUNK'N
2252,0.04,22.0,Yard Sale Winter Lager
2253,0.04,42.0,Trader Session IPA
2254,0.073,83.0,Hop Nosh IPA
2255,0.04,17.0,SUM'R
2256,0.04,32.0,Organic Baba Black Lager
2257,0.073,82.0,Hop Notch IPA (2013)
2258,0.04,34.0,Cutthroat Pale Ale
2259,0.04,29.0,WYLD Extra Pale Ale
2260,0.055,,Pilsner Ukiah
2261,0.06,75.0,The Green Room
2262,0.047,25.0,Humbucker Helles
2263,0.065,,Uncle John's Apple Cherry Cider
2264,0.065,,Uncle John's Apricot Apple Cider
2265,0.065,,Draught Hard Apple Cider
2266,0.001,,Scotty K NA
2267,0.068,,Bacon Brown Ale
2268,0.064,,Golden State Ale
2269,0.078,,Baltic Porter
2270,0.085,,Siamese twin
2271,0.085,90.0,Double Duckpin
2272,0.042,10.0,Old Pro
2273,0.055,,Duckpin Pale Ale
2274,0.06,,Balt Altbier
2275,0.045,50.0,Campside Session IPA
2276,0.045,15.0,Upland Wheat Ale
2277,0.06,,Dragonfly IPA
2278,0.128,,Lee Hill Series Vol. 5 - Belgian Style Quadrupel Ale
2279,0.104,,Lee Hill Series Vol. 4 - Manhattan Style Rye Ale
2280,0.068,24.0,Lee Hill Series Vol. 2 - Wild Saison
2281,0.099,51.0,Lee Hill Series Vol. 3 - Barrel Aged Imperial Stout
2282,0.076,,Lee Hill Series Vol. 1 - Barrel Aged Brown Ale
2283,0.06,,Blood Orange Saison
2284,0.065,33.0,Thai Style White IPA
2285,0.075,30.0,Ferus Fluxus Wild Belgian Pale Ale
2286,0.099,90.0,Upslope Imperial India Pale Ale
2287,0.082,,Upslope Christmas Ale
2288,0.077,,Upslope Pumpkin Ale
2289,0.075,30.0,Upslope Belgian Style Pale Ale
2290,0.069,,Upslope Foreign Style Stout
2291,0.048,15.0,Top Rope Mexican-style Craft Lager
2292,0.048,22.0,Upslope Craft Lager
2293,0.067,,Upslope Brown Ale
2294,0.058,,Upslope Pale Ale
2295,0.072,,Upslope India Pale Ale
2296,0.053,22.0,Common Sense Kentucky Common Ale
2297,0.065,70.0,Upstate I.P.W.
2298,0.04,,Squatters Full Suspension Pale Ale
2299,0.09,75.0,Squatters Hop Rising Double IPA
2300,0.08,,Devastator Double Bock
2301,0.06,,Wasatch Ghostrider White IPA
2302,0.06,,Wasatch Ghostrider White IPA (2014)
2303,0.04,,Wasatch Apricot Hefeweizen
2304,0.09,75.0,Squatters Hop Rising Double IPA (2014)
2305,0.04,,Squatters Full Suspension Pale Ale
2306,0.068,,Nunica Pine
2307,0.069,,Ginger Peach
2308,0.068,,Totally Roasted
2309,0.068,,Blue Gold
2310,0.068,,Hard Apple
2311,0.052,,Nitro Can Coffee Stout
2312,0.092,25.0,Voodoo Love Child
2313,0.079,23.0,White Magick of the Sun
2314,0.075,31.0,Wynona's Big Brown Ale
2315,0.092,25.0,Gran Met
2316,0.073,85.0,Good Vibes IPA
2317,0.075,85.0,Pilzilla
2318,0.04,37.0,Wachusett Light IPA
2319,0.06,55.0,Green Monsta IPA
2320,0.056,50.0,Wachusett IPA
2321,0.047,,Strawberry White
2322,0.085,85.0,Larry Imperial IPA
2323,0.047,,Wachusett Summer
2324,0.051,17.0,Country Pale Ale
2325,0.04,37.0,Wachusett Light IPA (2013)
2326,0.052,20.0,Pumpkan
2327,0.045,10.0,Wachusett Blueberry Ale
2328,0.06,55.0,Green Monsta IPA
2329,0.047,,T-6 Red Ale (2004)
2330,0.052,67.0,Self Starter
2331,0.054,20.0,Ermal's
2332,0.07,,10 Ton
2333,0.07,,Flyin' Rye
2334,0.09,,Christmas Ale
2335,0.07,,Pay It Forward Cocoa Porter
2336,0.055,,West Sixth Amber Ale
2337,,,West Sixth IPA
2338,0.055,,One Claw
2339,0.04,5.0,Westbrook Gose
2340,0.05,16.0,White Thai
2341,0.068,65.0,Westbrook IPA
2342,0.057,22.0,Westfield Octoberfest
2343,0.052,,Pop's Old Fashioned Lager
2344,0.058,55.0,Charlie in the Rye
2345,,,Royal Lager
2346,0.08,,Rip Van Winkle (Current)
2347,,,O’Malley’s Stout
2348,0.075,89.0,O’Malley’s IPA
2349,,,O’Malley’s Irish Style Cream Ale
2350,0.049,28.0,L'il Lucy's Hot Pepper Ale
2351,0.052,,Drop Kick Ale
2352,0.055,,Raspberry Berliner Weisse
2353,0.05,,Hop Session
2354,0.055,,Blueberry Berliner Weisse
2355,0.055,,Berliner Weisse
2356,0.06,,Super G IPA
2357,0.049,30.0,Hefe Lemon
2358,0.049,30.0,Hefe Black
2359,0.049,30.0,Widmer Brothers Hefeweizen
2360,0.082,100.0,Hop Slayer Double IPA
2361,0.045,,Pumpkin Ale
2362,0.05,,Big Bowl Blonde Ale
2363,0.052,27.0,Phat Chance
2364,0.082,100.0,Hop Slayer Double IPA (2011)
2365,0.082,100.0,Hop Slayer Double IPA (2011)
2366,0.042,13.0,Wild Onion Summer Wit
2367,0.06,23.0,Jack Stout
2368,0.045,,Wild Onion Pumpkin Ale (2010)
2369,0.056,41.0,Paddy Pale Ale
2370,0.068,21.0,Blonde Hunny
2371,0.057,20.0,Wild Wolf Wee Heavy Scottish Style Ale
2372,0.045,25.0,Wild Wolf American Pilsner
2373,0.051,45.0,Alpha Ale
2374,0.054,,Mystical Stout
2375,0.075,,Bodacious Bock
2376,0.05,,Ambitious Lager
2377,0.072,,Wyoming Pale Ale
2378,0.05,,Wind River Blonde Ale
2379,0.074,83.0,Ace IPA
2380,0.08,31.0,P-51 Porter
2381,0.055,,#001 Golden Amber Lager
2382,0.071,60.0,#002 American I.P.A.
2383,0.052,,#003 Brown & Robust Porter
2384,0.048,38.0,#004 Session I.P.A.
2385,0.059,,Tarasque
2386,0.062,61.0,Ananda India Pale Ale
2387,0.045,23.0,Tiny Bomb
2388,0.058,72.0,Train Hopper
2389,0.045,,Edward’s Portly Brown
2390,0.059,135.0,Troopers Alley IPA
2391,0.047,15.0,Wolverine Premium Lager
2392,0.05,,Woodchuck Amber Hard Cider
2393,0.065,82.0,4000 Footer IPA
2394,0.028,15.0,Summer Brew
2395,0.065,69.0,Be Hoppy IPA
2396,0.069,69.0,Worthy IPA
2397,0.045,25.0,Easy Day Kolsch
2398,0.077,30.0,Lights Out Vanilla Cream Extra Stout
2399,0.069,69.0,Worthy IPA (2013)
2400,0.06,50.0,Worthy Pale
2401,0.042,,Patty's Chile Beer
2402,0.082,,Colorojo Imperial Red Ale
2403,0.055,,Wynkoop Pumpkin Ale
2404,0.075,,Rocky Mountain Oyster Stout
2405,0.067,45.0,Belgorado
2406,0.052,,Rail Yard Ale
2407,0.055,,B3K Black Lager
2408,0.055,40.0,Silverback Pale Ale
2409,0.052,,Rail Yard Ale (2009)
